VM1X,VM1Y,VM2X,VM2Y
0.38018603606162754,0.0,0.560443427618563,0.0
0.2768093015489239,1.0,0.5277965584806791,1.0
0.23635900711826666,1.0,0.574386760727933,1.0
0.29437002704917065,1.0,0.6564253873024746,1.0
0.4407185141723314,1.0,0.6667693405025732,1.0
0.4552894847712299,0.0,0.5288665932866129,0.0
0.32445478980627224,0.0,0.5116710802470865,0.0
0.2284327822415813,0.0,0.5594216428150247,0.0
0.3896240862589121,0.0,0.7636808873375829,0.0
0.4776393974927805,0.0,0.7260308605941206,0.0
0.2926634177816276,0.0,0.5758538350303137,0.0
0.32065248529001206,0.0,0.6050233195257465,0.0
0.3650726775918962,1.0,0.6245198561047206,1.0
0.3349407636296122,0.0,0.5798929240207112,0.0
0.4736401432892374,0.0,0.5496015430590049,0.0
0.47993470062830224,0.0,0.5928254428472264,0.0
0.21857563456065826,0.0,0.5448807276574952,0.0
0.35063887242238967,0.0,0.6814929845776743,0.0
0.36877887980834,0.0,0.5521309093594768,0.0
0.29362987011131814,1.0,0.6711483733652919,1.0
0.31901324759370064,0.0,0.6478628751117808,0.0
0.4291415141432704,1.0,0.5586217944427831,1.0
0.22705265733404734,1.0,0.6154055796202532,1.0
0.21141798131101253,1.0,0.5404368680011655,1.0
0.30545139690439804,0.0,0.7490832515484582,0.0
0.4827650675361824,0.0,0.5845169488523547,0.0
0.45223566216125366,0.0,0.5309827826146493,0.0
0.240462387433106,1.0,0.7278196206069671,1.0
0.39285854629011424,0.0,0.6561068418416407,0.0
0.32722903402595505,0.0,0.7992360225493178,0.0
0.29312787110853566,1.0,0.6452911180968947,1.0
0.2104329254994229,0.0,0.7026119295221847,0.0
0.4482422398152687,0.0,0.5398305730083568,0.0
0.2254083429646527,1.0,0.6877251090477671,1.0
0.31986689271901764,0.0,0.5275041298358678,0.0
0.26874564376706894,0.0,0.600357165551335,0.0
0.45516007032690936,0.0,0.6671563104287745,0.0
0.24503859035123815,1.0,0.5471804419707377,1.0
0.35229539057364023,0.0,0.5236575162295428,0.0
0.4103868700131146,1.0,0.5823276563042263,1.0
0.3154261781882733,1.0,0.6838767526686271,1.0
0.3703918108965084,1.0,0.6835282718641775,1.0
0.2763333595657701,0.0,0.7441865408304164,0.0
0.36980578436906764,1.0,0.7143463415890907,1.0
0.268084684827858,1.0,0.7675484473317727,1.0
0.4634100899988083,0.0,0.511202781322806,0.0
0.49129217465145203,0.0,0.7846375636469944,0.0
0.4572075216767209,1.0,0.624157137215524,1.0
0.48948595527659555,0.0,0.709940493010966,0.0
0.44072759052924015,1.0,0.5400241441061921,1.0
0.27763422468687743,1.0,0.5550071733995796,1.0
0.475767182454929,1.0,0.7379797552813876,1.0
0.31124282155335986,0.0,0.7709186486436046,0.0
0.3351995804081653,0.0,0.6243489647079095,0.0
0.213648538711755,0.0,0.6494539511446633,0.0
0.21431840108500577,1.0,0.6144725675889012,1.0
0.27740905088135637,0.0,0.6950600697560884,0.0
0.49838613893758843,0.0,0.6132958967469055,0.0
0.4549935453367341,1.0,0.6398123683072081,1.0
0.41523162945306585,1.0,0.5760213952673148,1.0
0.30320534224733026,0.0,0.7111553466867754,0.0
0.2607113315683706,1.0,0.7244271215147182,1.0
0.4561240322579644,1.0,0.5799757343565847,1.0
0.32941765263204237,0.0,0.7146901952407215,0.0
0.24011466545280086,1.0,0.7533685062009199,1.0
0.21491304046440332,1.0,0.699918836612965,1.0
0.32231836624982546,1.0,0.5933591990857379,1.0
0.41045071798086874,0.0,0.6446390397662326,0.0
0.3624415406046043,1.0,0.6486045731742535,1.0
0.4832287815544576,1.0,0.7938521320723095,1.0
0.24225471247319408,0.0,0.6257122458507856,0.0
0.4367065187013235,0.0,0.6769006731134493,0.0
0.38872759427067405,1.0,0.6203803669813768,1.0
0.2644218552573142,1.0,0.6130442468604049,1.0
0.32448980274205286,0.0,0.7914895148384212,0.0
0.39076091826605985,1.0,0.7599573268559049,1.0
0.23822070253459815,0.0,0.6304468354477801,0.0
0.42706838007015036,0.0,0.7897132614957088,0.0
0.4233682881612393,1.0,0.7985675262339705,1.0
0.30162291746689174,1.0,0.5344371534632907,1.0
0.3295234310922069,1.0,0.5539471043701216,1.0
0.31474917445928746,0.0,0.5774673067130789,0.0
0.4881145847208723,0.0,0.5989295153080573,0.0
0.4041579748429249,0.0,0.5115685760618935,0.0
0.34337579433160936,0.0,0.7850477055951812,0.0
0.40491532590754575,0.0,0.6529625531113354,0.0
0.4825002642032099,1.0,0.7198488842143815,1.0
0.22963629036470062,1.0,0.7748501166598163,1.0
0.2171401493829294,0.0,0.7307250850560266,0.0
0.39630330181283036,1.0,0.5831004276401062,1.0
0.33013187669967176,1.0,0.6090947651884642,1.0
0.29767365565873094,1.0,0.7835013932606201,1.0
0.341383708228033,0.0,0.7914526496698435,0.0
0.4678472676927973,0.0,0.7803249842256321,0.0
0.28100050904610474,0.0,0.7248582737382789,0.0
0.3761447335461545,0.0,0.6331810474565005,0.0
0.24914307404240044,0.0,0.6341005231371989,0.0
0.45453380910230656,0.0,0.7799750842264623,0.0
0.3614989158076203,1.0,0.5414041012069303,1.0
0.48063487066824495,0.0,0.6482941912277475,0.0
0.283415068974053,0.0,0.6997898557054711,0.0
0.2900363448680753,1.0,0.6151130904816453,1.0
0.3354869307770672,1.0,0.7693532256312446,1.0
0.4536155222491034,1.0,0.7574625412399206,1.0
0.33869163158949317,1.0,0.7888215455582416,1.0
0.3699305275991751,1.0,0.5436314697280157,1.0
0.23326802174683736,0.0,0.5889875490811443,0.0
0.49846535525223223,0.0,0.7197174993507951,0.0
0.21373098339802823,0.0,0.6046952104237254,0.0
0.2798876757897481,1.0,0.6053948926784295,1.0
0.4320089174503155,1.0,0.5643650914431738,1.0
0.24738964953159948,1.0,0.6119586496376959,1.0
0.4567566740715798,1.0,0.5684321332187544,1.0
0.3024651039206252,0.0,0.715637986343175,0.0
0.4366011494419928,1.0,0.5237764782023526,1.0
0.48538460450232235,0.0,0.5818586522450553,0.0
0.447044586070701,0.0,0.7775793671242791,0.0
0.48923704003095536,0.0,0.5573951336304538,0.0
0.4671206523335635,0.0,0.5716583525183493,0.0
0.23211233301046355,1.0,0.7438822522041721,1.0
0.21416931989963583,0.0,0.7457358322836448,0.0
0.29082606953301954,0.0,0.7024536997196638,0.0
0.48012874005751405,0.0,0.7439817068961448,0.0
0.36391332914885055,0.0,0.5418212461207083,0.0
0.4854064246605757,1.0,0.7816327054590013,1.0
0.2982219150949196,0.0,0.7877694275272837,0.0
0.4807571628337711,1.0,0.5451068411416773,1.0
0.43228461465604795,0.0,0.6162580490881894,0.0
0.23993146544775426,0.0,0.6356972137236934,0.0
0.37441834776150806,0.0,0.6592100540004673,0.0
0.3786145395097624,1.0,0.5416204415348429,1.0
0.27356209419995037,0.0,0.7433288510066836,0.0
0.22955259192186103,1.0,0.6716330377693116,1.0
0.47009579946126145,1.0,0.592383594314928,1.0
0.2299954585355003,1.0,0.717441398801586,1.0
0.3664777482257761,0.0,0.6888370861553174,0.0
0.2601654336872059,0.0,0.7317670373981704,0.0
0.42687390398539715,0.0,0.7695125010866475,0.0
0.39405327103133897,0.0,0.735574615145745,0.0
0.3525186579175546,0.0,0.5874719024463758,0.0
0.22888581010978234,0.0,0.5440862968989816,0.0
0.2415490441836146,0.0,0.742186529503166,0.0
0.48812500969560946,1.0,0.5146012184553734,1.0
0.34647565921915907,0.0,0.7557366777031946,0.0
0.49231853961465244,0.0,0.6439843751241136,0.0
0.27852160013736027,1.0,0.677431019148218,1.0
0.332850343383729,0.0,0.6013066432232274,0.0
0.3908539323941814,0.0,0.6589174563461749,0.0
0.45028683251060675,0.0,0.7574428649333669,0.0
0.43704366683981344,0.0,0.6247170464740555,0.0
0.31391626650284954,0.0,0.5978866512149642,0.0
0.3337640596288664,0.0,0.7184844449178136,0.0
0.30113498356778196,1.0,0.7725076848169927,1.0
0.47157959331399435,0.0,0.7826743642997588,0.0
0.21060961735900313,0.0,0.6765618663312085,0.0
0.26055832213735614,1.0,0.5511660708698788,1.0
0.23586196303158913,1.0,0.5473294356561565,1.0
0.3987667354130286,1.0,0.604236707981391,1.0
0.4480845716007311,1.0,0.6233651785540334,1.0
0.31915552206573394,1.0,0.5154637614394924,1.0
0.47027989716756013,1.0,0.5118865628986075,1.0
0.33616649924643954,1.0,0.6472890764583159,1.0
0.3091984003659084,0.0,0.6108772230379927,0.0
0.28423198263397964,1.0,0.5615518490247988,1.0
0.39136577638881886,0.0,0.6397459278671528,0.0
0.21197374889144519,1.0,0.5990518385415567,1.0
0.4535759176539146,0.0,0.7798997296864192,0.0
0.36319806789122644,0.0,0.678997611041629,0.0
0.34055780738755215,1.0,0.6227091025963036,1.0
0.389732672814093,0.0,0.5426178891865111,0.0
0.23426277665224893,1.0,0.7499320117520015,1.0
0.30312931593123554,1.0,0.73162121023634,1.0
0.220363899607269,0.0,0.5905528367551005,0.0
0.4688345979369807,1.0,0.571375968285948,1.0
0.2674490798711082,0.0,0.742435336688925,0.0
0.27165143517575185,0.0,0.7278016888862539,0.0
0.3653886450289739,0.0,0.5369278576047564,0.0
0.4072249386039878,1.0,0.5687785800396287,1.0
0.4131044495623771,0.0,0.5890429177615237,0.0
0.4082879279334153,1.0,0.7347773733028806,1.0
0.25319610534672105,1.0,0.5199405562783632,1.0
0.22412445247784823,0.0,0.7864380883905076,0.0
0.32670348737257404,0.0,0.5846856027148785,0.0
0.29628043435159024,1.0,0.6634732773652363,1.0
0.48536123479306426,0.0,0.7358900150067113,0.0
0.32594352353938283,1.0,0.7893755672501604,1.0
0.4306491312232802,1.0,0.7403191939233863,1.0
0.22986292441948483,0.0,0.5651990839369696,0.0
0.2883457662288279,1.0,0.5530180827848772,1.0
0.3825271805898235,1.0,0.5336758088165958,1.0
0.24785649607853855,0.0,0.6370185276742828,0.0
0.22944006406373516,1.0,0.5928830520209624,1.0
0.4166978531777831,1.0,0.7839348184784957,1.0
0.4222451901533196,1.0,0.6919268263526301,1.0
0.33617997936793553,0.0,0.622165981980634,0.0
0.36909031105914947,1.0,0.7615834201465667,1.0
0.35093093970431377,0.0,0.7871833620446852,0.0
0.45162917689652593,0.0,0.7763612679560574,0.0
0.3932911518760977,1.0,0.7372454821235451,1.0
0.27197353368153276,1.0,0.6245028445017646,1.0
0.26434241783531914,0.0,0.7023665831024728,0.0
0.42980430027552535,0.0,0.6776145199085395,0.0
0.41833678707975464,0.0,0.5932851519072306,0.0
0.4353390396901334,1.0,0.5792739818579171,1.0
0.46538865229549287,1.0,0.765044924456705,1.0
0.4486479872283348,1.0,0.6666802774498926,1.0
0.44609059802205897,1.0,0.596188089010733,1.0
0.4824898736336307,0.0,0.5942615404871124,0.0
0.24924433661075773,1.0,0.6285515210478118,1.0
0.22797208837175018,0.0,0.7807223813141806,0.0
0.4326786763125434,0.0,0.5473589922620906,0.0
0.4003016614103008,1.0,0.6878315795855053,1.0
0.36489548564893065,0.0,0.7066678012874419,0.0
0.39035140738456,1.0,0.6743610649346706,1.0
0.34237521465879583,0.0,0.5764445080622895,0.0
0.26457295235765815,0.0,0.7856841828844247,0.0
0.47590776547807,1.0,0.7954594006108414,1.0
0.30091563368160607,0.0,0.51465632720942,0.0
0.4165106562843685,0.0,0.6128397622234116,0.0
0.3351361177948857,0.0,0.5951352244305241,0.0
0.24555340042017396,1.0,0.7063243031811701,1.0
0.48583596042660915,0.0,0.7703462569078618,0.0
0.4090963296035483,1.0,0.6815395947608895,1.0
0.2915326880555702,1.0,0.6549216973703504,1.0
0.4541444814196772,0.0,0.5374860339521023,0.0
0.3837605019085272,0.0,0.6580710762386299,0.0
0.3348634713429844,0.0,0.52241762043272,0.0
0.31137283543804845,0.0,0.5242396500873507,0.0
0.4301081650372357,0.0,0.6698674776195133,0.0
0.4715254065143517,0.0,0.6418283593738697,0.0
0.4268441988848386,1.0,0.7292361484676615,1.0
0.3747073438784835,1.0,0.5584072955295409,1.0
0.3916153637259201,1.0,0.7393169117488098,1.0
0.4626796528213828,1.0,0.7220257720018561,1.0
0.45887370582453807,1.0,0.7043594309735586,1.0
0.22181494950273786,1.0,0.6766604564338488,1.0
0.21693567849906503,1.0,0.7779383581055929,1.0
0.39200796439155633,1.0,0.5536888010274092,1.0
0.4520819488503617,1.0,0.5800714592304992,1.0
0.2882917785648921,1.0,0.7296467394670265,1.0
0.3644051525140191,0.0,0.725914104034618,0.0
0.3849264097348706,1.0,0.6679618582010777,1.0
0.3712773722354648,1.0,0.6974733025400184,1.0
0.42266755243515863,0.0,0.7304949458378776,0.0
0.4954483919487983,1.0,0.6850583178725509,1.0
0.44803759292716117,1.0,0.7813829378388482,1.0
0.4953791981405411,0.0,0.6722820045637203,0.0
0.4911063882547887,0.0,0.6329954589488932,0.0
0.2213499777830241,1.0,0.7663344151007484,1.0
0.40748728932500383,1.0,0.6556954649148733,1.0
0.4937292967301461,0.0,0.6830798855204433,0.0
0.44021463684166195,1.0,0.713485251462648,1.0
0.4312436749760672,1.0,0.570207945679006,1.0
0.34853942990585474,1.0,0.6136046357470091,1.0
0.22972717619455918,0.0,0.7824925280845544,0.0
0.3864220194974435,0.0,0.6027000261140787,0.0
0.485080672963348,0.0,0.6553414153765158,0.0
0.44623534084860295,0.0,0.7416121267066986,0.0
0.4284253568576421,0.0,0.6737395191581875,0.0
0.44585192856591616,0.0,0.649808100303531,0.0
0.4477310282969299,1.0,0.7117340376855601,1.0
0.37524839797227283,0.0,0.795231534551397,0.0
0.49819130752671437,0.0,0.6714742072551464,0.0
0.2110300371675745,0.0,0.5386808604170743,0.0
0.40799769373420625,1.0,0.7390034522138076,1.0
0.4153609804000514,0.0,0.7821546971665678,0.0
0.2598280161239369,0.0,0.6927296250558453,0.0
0.4080739138554568,0.0,0.7021838959008595,0.0
0.4448069659911914,1.0,0.5321651703984498,1.0
0.4837478258509045,1.0,0.5214637438218331,1.0
0.22736315986733066,0.0,0.6920763936443326,0.0
0.39496680801625383,1.0,0.5640245568858812,1.0
0.39716246040419495,0.0,0.6180054707295661,0.0
0.3000586062738562,1.0,0.7178799932983955,1.0
0.2364879738591436,0.0,0.5189463692476426,0.0
0.44724630080076744,0.0,0.6299849338254878,0.0
0.4617254440536108,0.0,0.7817565772070785,0.0
0.2150348885990763,1.0,0.5638200583586768,1.0
0.40771834555482855,1.0,0.7867470038389635,1.0
0.4131007872785476,1.0,0.7356018347086039,1.0
0.45459409488281016,0.0,0.5906574951985365,0.0
0.3516859970353331,0.0,0.7977711474679361,0.0
0.4901760289842072,1.0,0.7296426935664497,1.0
0.2695873512757394,0.0,0.7015209193383694,0.0
0.354754698334519,1.0,0.6678842376582363,1.0
0.46531089703118234,1.0,0.6551918985199321,1.0
0.47294273700004585,0.0,0.7623575493033727,0.0
0.23639036882829137,1.0,0.6408788075388496,1.0
0.39382740044498077,1.0,0.7638743470378926,1.0
0.3584825924698283,1.0,0.740396449635861,1.0
0.31570587550182994,1.0,0.7112806752050236,1.0
0.319378054137414,0.0,0.6815205360906125,0.0
0.46241849119025,1.0,0.5410056165396089,1.0
0.2518290879647829,0.0,0.6819546217129637,0.0
0.2494863450854073,0.0,0.7469847634659736,0.0
0.35347884431489235,0.0,0.6665271617067877,0.0
0.33992375884228154,1.0,0.699831132452677,1.0
0.21779653933444318,1.0,0.6840397762539401,1.0
0.4522135053410007,0.0,0.6685609083378707,0.0
0.22131029014606854,1.0,0.7879886272085607,1.0
0.22495023258734567,1.0,0.6836253304033599,1.0
0.48198305066222935,1.0,0.7511380884627783,1.0
0.2286470904002881,0.0,0.688357805611076,0.0
0.4703900688726542,0.0,0.7787365043852259,0.0
0.4586328905795758,1.0,0.5637801572837271,1.0
0.21492343706981837,1.0,0.709964987428185,1.0
0.2353945331140942,0.0,0.5726708664276174,0.0
0.2831117745909034,1.0,0.780277982394423,1.0
0.3861031997234784,0.0,0.7206673367629706,0.0
0.44306106722862665,0.0,0.7398445980923952,0.0
0.2696277867545453,0.0,0.5502784995395477,0.0
0.2898663900981535,1.0,0.5758604532025099,1.0
0.27330177885303464,1.0,0.570166558528903,1.0
0.22260160745771096,0.0,0.7496895337019704,0.0
0.29718331665369624,1.0,0.568560168126128,1.0
0.467015556884508,0.0,0.7926123617522061,0.0
0.2662872096795685,0.0,0.6130724577701226,0.0
0.32047514468083904,1.0,0.5502763686690796,1.0
0.3397876462325632,0.0,0.52314011989979,0.0
0.3175567665763064,1.0,0.6333061811865291,1.0
0.40352287547900856,0.0,0.7493638585948987,0.0
0.2556885164710833,0.0,0.5914178302310185,0.0
0.48035555863611235,0.0,0.5283707606698024,0.0
0.2268275767583819,1.0,0.7537912183694344,1.0
0.4942377802212151,0.0,0.7415243312517895,0.0
0.21854318135746253,1.0,0.6073159201284344,1.0
0.2421455973440555,1.0,0.727242754799752,1.0
0.36639070584956757,0.0,0.5177156799410555,0.0
0.2545880477793293,1.0,0.5458229104766132,1.0
0.2407569666429315,0.0,0.5736715071663842,0.0
0.30217237956063947,0.0,0.6703472141383229,0.0
0.24945876121108623,1.0,0.6353853468617385,1.0
0.3229141730605515,1.0,0.5973835271488794,1.0
0.26218820940361326,0.0,0.5831618850989851,0.0
0.3530653915870256,0.0,0.5932410168810915,0.0
0.29657328521075765,0.0,0.6251860398150032,0.0
0.2535827737219193,1.0,0.6635623766343793,1.0
0.4857686571804368,1.0,0.51423375115219,1.0
0.45625156270949574,1.0,0.513818473729413,1.0
0.457517245479315,1.0,0.6886420066428849,1.0
0.4677470070980274,0.0,0.5884458152182934,0.0
0.26816627236174145,1.0,0.6023609984438412,1.0
0.3905340904049476,1.0,0.7874071164467079,1.0
0.4992094956724772,0.0,0.7017983620816254,0.0
0.4825770002578993,1.0,0.6372005825597148,1.0
0.4584157673757485,0.0,0.5761174233429898,0.0
0.4210325773668623,1.0,0.7802492878587937,1.0
0.45197257715491496,1.0,0.6213489765295358,1.0
0.333297013189079,0.0,0.553101541953505,0.0
0.28438745771084306,0.0,0.7243598648846807,0.0
0.21739049635686997,0.0,0.5484329470460105,0.0
0.4583125903775417,0.0,0.7118893946508308,0.0
0.4400694949292803,0.0,0.6676202942239928,0.0
0.39582898899571817,0.0,0.5680206791223192,0.0
0.36497546337342845,1.0,0.7068254891024712,1.0
0.4716925121093005,1.0,0.7981304855202302,1.0
0.24273034518998488,0.0,0.7096191331399967,0.0
0.43312801813932145,1.0,0.6339890506031521,1.0
0.29103568057996976,1.0,0.52075104944592,1.0
0.34731960511450544,1.0,0.7441782688184888,1.0
0.48847585917932324,0.0,0.5622966129740156,0.0
0.35914434735055256,1.0,0.5188320437226673,1.0
0.21297840679789415,0.0,0.7078811542293297,0.0
0.3058212436318577,0.0,0.6869174018273797,0.0
0.2689465670967621,0.0,0.7969823978472703,0.0
0.26577325760218623,1.0,0.5911801196028551,1.0
0.2449633747293233,1.0,0.6091728255822422,1.0
0.48432709952326125,0.0,0.6131094231941888,0.0
0.2719466932490004,0.0,0.6387220147533968,0.0
0.4751664031996278,0.0,0.5597772089749965,0.0
0.3929078676561779,0.0,0.6731343484476953,0.0
0.420793884485798,0.0,0.7974198914253854,0.0
0.3608009062910966,1.0,0.745842733543444,1.0
0.47149444743643676,0.0,0.742181047548373,0.0
0.3846657137884851,1.0,0.6259522614681015,1.0
0.33558904263550726,0.0,0.631380207377537,0.0
0.22061575223354535,1.0,0.5815123785850258,1.0
0.3157869765765237,0.0,0.720810558363897,0.0
0.273840745734798,0.0,0.591855974849248,0.0
0.4998401500604315,1.0,0.5487842010295296,1.0
0.24413437395253917,0.0,0.6425335216095268,0.0
0.3247392990828355,1.0,0.7831124328893522,1.0
0.44060796288370097,0.0,0.6102380152562795,0.0
0.34532314695251803,0.0,0.733369114163238,0.0
0.4459446370419581,0.0,0.7267214743997502,0.0
0.41732500540048956,0.0,0.5242019471428855,0.0
0.40466301338341093,0.0,0.6278125364652039,0.0
0.4735745514969193,1.0,0.769626585251405,1.0
0.2508397158958412,0.0,0.5333312817912232,0.0
0.3640792275998594,1.0,0.560988930102163,1.0
0.30497261640372425,1.0,0.5492612821738317,1.0
0.37506987683426246,0.0,0.5855043771030919,0.0
0.29843535911328556,1.0,0.5989306243704339,1.0
0.24404984453579245,1.0,0.7867817115164043,1.0
0.31787834711503354,0.0,0.6012647971688005,0.0
0.2718932373155998,0.0,0.6343317648677336,0.0
0.2772757402492295,0.0,0.6023040068468485,0.0
0.4717732779340039,0.0,0.5857316080782466,0.0
0.36612940225382906,0.0,0.7659429965742968,0.0
0.3717470291361048,0.0,0.6969884295204579,0.0
0.31608415569874654,0.0,0.7560063679315056,0.0
0.42391840701919403,1.0,0.6575332297758184,1.0
0.43003136729470537,1.0,0.6079686245759199,1.0
0.24785550778457233,1.0,0.731322712057524,1.0
0.3581251345985551,0.0,0.7392434938992869,0.0
0.37967140746798,0.0,0.5569176074270801,0.0
0.3634263118449402,1.0,0.5785114752881981,1.0
0.34917373156807147,0.0,0.5389970829437676,0.0
0.48017286477022714,1.0,0.739981900277608,1.0
0.3718191500050738,1.0,0.518274967591625,1.0
0.31684571439693643,0.0,0.5234251751765128,0.0
0.28449662431251554,0.0,0.764394362057946,0.0
0.3312309314839571,1.0,0.6833875344728944,1.0
0.3252203560429713,1.0,0.6878927476638493,1.0
0.30503306751949677,1.0,0.5655117652689508,1.0
0.2854157253953312,0.0,0.7674323437247126,0.0
0.29214320072691735,1.0,0.6095305588409106,1.0
0.34413434563413137,1.0,0.7630785570526613,1.0
0.2462822135629935,0.0,0.6346932854157545,0.0
0.3912426223965414,0.0,0.7270132724450248,0.0
0.4504586105244678,1.0,0.7838371553574442,1.0
0.49320687299410615,1.0,0.6858520681734247,1.0
0.22965228173459235,1.0,0.6323042836825661,1.0
0.4691609749189105,0.0,0.5544880471230642,0.0
0.35687476304629107,1.0,0.6619213074417729,1.0
0.4227876007911305,1.0,0.6861009913456462,1.0
0.47968851283579805,1.0,0.5463609112413434,1.0
0.21365854262905745,1.0,0.7818843487197369,1.0
0.48067167947277867,1.0,0.5537532032365619,1.0
0.4281756200832308,0.0,0.6893301931668325,0.0
0.3260968048761972,0.0,0.5992591590487452,0.0
0.427794853351138,1.0,0.7412419171113074,1.0
0.29442372214905477,0.0,0.7368599489389975,0.0
0.4498549972964401,0.0,0.6176570738290026,0.0
0.38546343928051613,1.0,0.618943618743493,1.0
0.3056671280427236,0.0,0.7888106274957932,0.0
0.21922851166483864,1.0,0.5508252518672596,1.0
0.4557419743898982,0.0,0.5793796339753501,0.0
0.3257159718138685,0.0,0.7086775948906471,0.0
0.4473861284967733,0.0,0.627713426874362,0.0
0.45039430485822024,0.0,0.6859863124659432,0.0
0.3322754237166229,1.0,0.6732928242046159,1.0
0.2620907144648942,1.0,0.6884789399633156,1.0
0.32706592038723725,0.0,0.5970624579584174,0.0
0.3564361601695698,1.0,0.6267264751767454,1.0
0.26126867350152727,1.0,0.5685999215360404,1.0
0.3487618795329884,0.0,0.5513840320278264,0.0
0.33729885144496186,1.0,0.7447313479390519,1.0
0.4517771533304674,1.0,0.5436571728640816,1.0
0.31462145377211687,1.0,0.5703017191861849,1.0
0.24222007119283748,1.0,0.7950689808636158,1.0
0.2758151153534358,1.0,0.5460355800385935,1.0
0.45510019558454406,1.0,0.6390040699909336,1.0
0.35761092160339636,0.0,0.5110884921970248,0.0
0.3856203144910067,1.0,0.5451096325236171,1.0
0.4650545738737666,1.0,0.6760437149710374,1.0
0.4688201228590143,0.0,0.595782053334273,0.0
0.31834011279521046,1.0,0.5357722237474467,1.0
0.28043744094668344,0.0,0.6189657897843358,0.0
0.23154617514384038,0.0,0.7461191418037778,0.0
0.4598095587342652,1.0,0.5185724815314172,1.0
0.23798644009534703,0.0,0.6554864391137859,0.0
0.3868557587338489,0.0,0.7440204907252944,0.0
0.33648814409825695,1.0,0.5725474106696513,1.0
0.21319168269362734,0.0,0.5544535012747226,0.0
0.23659518271533647,1.0,0.6672691468517341,1.0
0.37160179513960656,0.0,0.6785897658742306,0.0
0.34652636577739254,1.0,0.5292299502147413,1.0
0.31137068595511463,1.0,0.5196113200460835,1.0
0.24437746229019214,1.0,0.5170978838098444,1.0
0.43032597841779097,1.0,0.5607485041109711,1.0
0.3798170055506265,0.0,0.7666380387385768,0.0
0.2935994059895444,0.0,0.7254573545997517,0.0
0.39739390168974886,1.0,0.6645666370071892,1.0
0.4968726175581766,0.0,0.551979043955324,0.0
0.48024873552593783,0.0,0.6031339527662796,0.0
0.30941680520228304,0.0,0.6263937619426609,0.0
0.42984911696916667,1.0,0.6993598949483673,1.0
0.37998683608445394,0.0,0.513380667076272,0.0
0.4740941983034286,1.0,0.5705284995504197,1.0
0.22247513875560812,1.0,0.7535192087195766,1.0
0.41692700655262127,0.0,0.6687228669160176,0.0
0.41180711026894,1.0,0.5760379552518294,1.0
0.4111912779005312,1.0,0.5338440772405767,1.0
0.25086746147691036,0.0,0.7827436821920044,0.0
0.22392064475414847,0.0,0.6103645792201523,0.0
0.37623833026638587,1.0,0.5864484098463362,1.0
0.3365880285672239,1.0,0.543649763745319,1.0
0.3900656475568749,0.0,0.7316219228161511,0.0
0.3322012673922029,0.0,0.7507103802084407,0.0
0.3156183054614878,1.0,0.696727985093725,1.0
0.3193751872081607,1.0,0.7622622205717571,1.0
0.31358456551238456,0.0,0.5283697680420139,0.0
0.3468958095445114,1.0,0.5285001951978465,1.0
0.24128467045443436,0.0,0.7146555563506707,0.0
0.2726299704232178,1.0,0.6123090540190891,1.0
0.42424373783889946,0.0,0.6543722508461257,0.0
0.4324247339968897,1.0,0.576121243524286,1.0
0.48207682020016096,0.0,0.6309062363393267,0.0
0.22532909382788638,0.0,0.6377513253513692,0.0
0.40895219716465536,0.0,0.7772113480057946,0.0
0.29229311238137906,0.0,0.5170179041272563,0.0
0.32290093717875695,1.0,0.5698541098495646,1.0
0.4367586570157677,1.0,0.6909329572881804,1.0
0.2640204718402787,0.0,0.5590950827534509,0.0
0.468171372234659,1.0,0.6751186575647454,1.0
0.3803825305176456,0.0,0.5767778516669441,0.0
0.24171708158596672,0.0,0.7407369901213585,0.0
0.48489404749356657,0.0,0.7221360958511046,0.0
0.39374418021327107,1.0,0.7966910977508311,1.0
0.2870487622403877,0.0,0.6236102232979042,0.0
0.38358716609355137,1.0,0.7287557979225212,1.0
0.4913695895629969,1.0,0.7247602480483389,1.0
0.2655925072021544,1.0,0.6521387091205229,1.0
0.2488187758698902,0.0,0.5381000200109416,0.0
0.3265885214134044,0.0,0.6788107728787628,0.0
0.473549466076312,1.0,0.521673774496793,1.0
0.39104118765326323,1.0,0.6303537476195941,1.0
0.4258497733127525,1.0,0.5918421954408617,1.0
0.328642221395844,1.0,0.7146300086437861,1.0
0.25271596433203236,0.0,0.621615239084477,0.0
0.28500831814374866,1.0,0.5516285875350493,1.0
0.3577879943963766,0.0,0.7314858474490836,0.0
0.49007720789501263,0.0,0.5668847912611599,0.0
0.21137333669224193,1.0,0.680769517245208,1.0
0.40641898873305654,0.0,0.5151803240378476,0.0
0.42052117716531245,0.0,0.5467020099570724,0.0
0.3125144121192704,1.0,0.6674138895634484,1.0
0.3700262486930178,0.0,0.6547085402677937,0.0
0.24935708143444077,0.0,0.6639958635274105,0.0
0.43915342992887696,1.0,0.7432834380917709,1.0
0.4059960906337409,1.0,0.6843368680137729,1.0
0.2216420448446757,1.0,0.64127161557948,1.0
0.2696780594337157,1.0,0.7136822686099267,1.0
0.49165152461017503,0.0,0.774022275182829,0.0
0.392117964775776,0.0,0.791498578991159,0.0
0.29807217865124047,1.0,0.7247224798957526,1.0
0.24828619845075378,0.0,0.6651520803522073,0.0
0.3262495627106037,1.0,0.6137636829777436,1.0
0.34553151686010247,1.0,0.5745958691172743,1.0
0.45985541931791807,1.0,0.7237075124723054,1.0
0.4473029044127402,0.0,0.7567274704107088,0.0
0.3863156131212081,0.0,0.5182857623359608,0.0
0.32135667398155005,0.0,0.7079779837501468,0.0
0.3396297827207679,1.0,0.5326624312712505,1.0
0.2803403423254288,0.0,0.5408183020956376,0.0
0.21035316594097841,0.0,0.7363809984439309,0.0
0.3912165912374427,0.0,0.7260097311166341,0.0
0.3542987267413107,0.0,0.6662726491676394,0.0
0.34322111686096535,1.0,0.7052794538022407,1.0
0.2372271797330478,0.0,0.5424963707352748,0.0
0.4963946170114957,1.0,0.6497544102701087,1.0
0.2709868809988952,0.0,0.6988251818240612,0.0
0.27552468057900614,1.0,0.6752581545000975,1.0
0.24140785496262884,0.0,0.5180483462915584,0.0
0.3656947208798802,1.0,0.7016709696769667,1.0
0.3596050096218096,0.0,0.7142748535459669,0.0
0.3418264325484409,0.0,0.6257163426304937,0.0
0.45318503113373837,0.0,0.7601721828818931,0.0
0.3527766899717709,1.0,0.5570906214402072,1.0
0.2593762089168228,1.0,0.5359120828654957,1.0
0.49734751584228776,0.0,0.5751347626201329,0.0
0.2109632456682582,0.0,0.6554298640545034,0.0
0.4113172769882805,1.0,0.5720596157444214,1.0
0.4778169774524327,0.0,0.7616329372496038,0.0
0.45078489011302453,1.0,0.7936802574094319,1.0
0.2549071182867479,0.0,0.694706036102984,0.0
0.4918691638820408,1.0,0.5232656854930547,1.0
0.24848073924030029,1.0,0.7269483799250399,1.0
0.3351959951263821,1.0,0.6165877661073808,1.0
0.4554266503566127,0.0,0.753687649780848,0.0
0.22587456553316768,0.0,0.6197442047614116,0.0
0.25480718696213606,1.0,0.6987616319646842,1.0
0.23670945740314583,1.0,0.6724109073521403,1.0
0.4397894866175023,1.0,0.771359799709491,1.0
0.4250918567223935,1.0,0.5624046469316926,1.0
0.26105327976380166,1.0,0.5914663207274553,1.0
0.2947137354248729,0.0,0.5623320265858641,0.0
0.44708532461779815,0.0,0.5837119796958404,0.0
0.30767131699046435,1.0,0.696695012311989,1.0
0.29367810225114444,1.0,0.5549008328480336,1.0
0.384327077386066,1.0,0.7789393940956264,1.0
0.38317905442082906,1.0,0.7862814346259452,1.0
0.41283309583679983,0.0,0.6011802210427593,0.0
0.2468245004423229,1.0,0.7852536774709846,1.0
0.22314007475746114,0.0,0.7383884645180341,0.0
0.2994219743410432,1.0,0.7412992680982928,1.0
0.42633238885577884,0.0,0.5843017114357341,0.0
0.3592955607543499,0.0,0.7778404483630654,0.0
0.3430165549660158,0.0,0.7669835608114663,0.0
0.28995279289042575,1.0,0.6867970719742305,1.0
0.4467043207547942,1.0,0.6905807608196187,1.0
0.3050396758082909,0.0,0.5481746738038731,0.0
0.4465862620536658,0.0,0.6183763316506944,0.0
0.4775016537702742,0.0,0.6665417224259793,0.0
0.4442963779216772,1.0,0.7883600569119551,1.0
0.3996499625563107,0.0,0.7075947479881439,0.0
0.353392516883638,0.0,0.7901891515176196,0.0
0.25831183561158894,1.0,0.7043827593775644,1.0
0.21162252089513886,0.0,0.7324131432361799,0.0
0.2923899483277653,1.0,0.6738119613978018,1.0
0.31020812535985787,0.0,0.7152849037282177,0.0
0.31558784066323814,0.0,0.7838089593699155,0.0
0.23923811523027305,0.0,0.6243831932584363,0.0
0.4016530276709769,0.0,0.7511446008433844,0.0
0.31954371190358904,0.0,0.6414061050057321,0.0
0.4887253908177448,0.0,0.6486264751389976,0.0
0.40913477433352846,1.0,0.7663322264705256,1.0
0.39408260775749726,0.0,0.643841077366617,0.0
0.2110089977197257,1.0,0.7214292024554447,1.0
0.48819895923199574,0.0,0.775257915817394,0.0
0.31670249634310177,1.0,0.6664912804590286,1.0
0.25894320339116256,1.0,0.5289845317542465,1.0
0.43208479928651194,0.0,0.629592960183459,0.0
0.27681352112389734,1.0,0.5436998437478922,1.0
0.29906235144491017,0.0,0.7632373315435501,0.0
0.3147977212757476,1.0,0.7969808211462625,1.0
0.3822511001075861,1.0,0.7558669602218191,1.0
0.33348569781505516,0.0,0.6602965656650597,0.0
0.47180711429692157,1.0,0.5747671804485179,1.0
0.4635899288123855,0.0,0.652336349090058,0.0
0.4642353301790342,0.0,0.6427164750373848,0.0
0.4050139205220049,1.0,0.6740748439954691,1.0
0.26255558733261825,0.0,0.6513107991972469,0.0
0.2517879077200416,0.0,0.5561993395087539,0.0
0.2951759739375296,1.0,0.7836501594306572,1.0
0.43411552254373553,0.0,0.7415694484937942,0.0
0.37465346435904934,1.0,0.7949122878566524,1.0
0.21559065984958706,0.0,0.669225628443455,0.0
0.305447968411576,1.0,0.5561630994541524,1.0
0.38641582842118194,1.0,0.654366087277602,1.0
0.2935413148450184,1.0,0.6518690558907748,1.0
0.24735502013695884,1.0,0.5269658319305667,1.0
0.23161155702212785,0.0,0.5569109093447451,0.0
0.4532283614111215,0.0,0.5940783144220912,0.0
0.21671813147172375,0.0,0.566422645008194,0.0
0.40599128365474735,1.0,0.5770091693717156,1.0
0.4724852162230424,0.0,0.6496254650129418,0.0
0.486103898926704,0.0,0.7879234352280096,0.0
0.4425310627402128,0.0,0.5955323866755882,0.0
0.4754655856820229,1.0,0.6170966961124302,1.0
0.2627643864147488,0.0,0.5827198454110171,0.0
0.33881598107296607,0.0,0.6892608312732414,0.0
0.30532730596953445,1.0,0.5506588146850782,1.0
0.46287535501446053,0.0,0.7661901271498266,0.0
0.22271205638698136,1.0,0.553794194952498,1.0
0.44092830061964844,1.0,0.716501881047992,1.0
0.4618867901465933,1.0,0.767655359281419,1.0
0.43878768923992106,0.0,0.6398915645825463,0.0
0.23331459173463048,0.0,0.6902172478579779,0.0
0.3033846977817447,1.0,0.5209992006345784,1.0
0.22801187016239394,1.0,0.5525665699981334,1.0
0.27787336240013366,1.0,0.6814613340159978,1.0
0.47959535853934454,1.0,0.6649834230460798,1.0
0.2540342394958314,0.0,0.7644532866120903,0.0
0.2753939610889079,1.0,0.71858573284113,1.0
0.30397146237244865,0.0,0.6073877072361837,0.0
0.2281542704761773,0.0,0.6205586929220916,0.0
0.4298565885206691,1.0,0.7092963460368028,1.0
0.44700897605297796,0.0,0.6590466755686035,0.0
0.21322416351812082,1.0,0.5608076971209206,1.0
0.338019074901775,0.0,0.7302222597022141,0.0
0.35341286475284917,0.0,0.6064760183351935,0.0
0.4815099969271177,0.0,0.6692950669110138,0.0
0.24863355609243806,0.0,0.6873638367773747,0.0
0.2437186449721077,0.0,0.5871307665307242,0.0
0.39664759404244054,1.0,0.7387239964592541,1.0
0.4233784877239224,1.0,0.7723777261442384,1.0
0.3511325123277986,1.0,0.699336869963568,1.0
0.22277641837538686,1.0,0.7121144314007606,1.0
0.443384597395895,1.0,0.6652626873266527,1.0
0.3378354745410098,1.0,0.5480863192489593,1.0
0.4026234298982123,0.0,0.7651204113391881,0.0
0.34597972268976396,0.0,0.7314516370843047,0.0
0.4611569696247084,0.0,0.608162959508361,0.0
0.3942927168314697,0.0,0.664251276477567,0.0
0.3274930918250764,0.0,0.685554505498134,0.0
0.36784516813347723,0.0,0.7441927120945531,0.0
0.42565515712985064,1.0,0.5386713999443322,1.0
0.24489843263152564,1.0,0.6522339150250623,1.0
0.40544695931412567,1.0,0.70517503234387,1.0
0.4805067122484169,0.0,0.5574904647342604,0.0
0.2251768744703667,1.0,0.7289442481754832,1.0
0.3204167179479131,0.0,0.6616142681807557,0.0
0.24009301442963799,0.0,0.7880651886759611,0.0
0.2382398018207083,1.0,0.7708371486968989,1.0
0.2642545888846062,1.0,0.5339199911901983,1.0
0.46651908071654224,0.0,0.6340980946742908,0.0
0.28776297826089436,1.0,0.7359690112208124,1.0
0.2441415675177089,0.0,0.732920489586627,0.0
0.30632349870883613,0.0,0.6359655171229525,0.0
0.34476027341226173,0.0,0.6158682341419918,0.0
0.4641878031645458,1.0,0.5931297245494815,1.0
0.3914949759272247,1.0,0.650451209494883,1.0
0.4002982730359295,1.0,0.5684810111911864,1.0
0.2638033716330084,0.0,0.5915780049661585,0.0
0.2277020798444867,0.0,0.7889827760262735,0.0
0.4884027118319796,0.0,0.578078456269142,0.0
0.3804055555519894,1.0,0.6128852822057606,1.0
0.36406023995905246,0.0,0.78251977893628,0.0
0.3829317375044637,1.0,0.6229571189052056,1.0
0.47439456930863544,0.0,0.7137153378575036,0.0
0.4389654489684288,1.0,0.5565875717495025,1.0
0.2696049672003185,0.0,0.601207551375181,0.0
0.46837949404950174,0.0,0.6492359852163396,0.0
0.21547393374772636,1.0,0.68076144800064,1.0
0.2169929501107614,0.0,0.7326373796736665,0.0
0.2840819277603882,1.0,0.7962544258366884,1.0
0.435993384376386,1.0,0.6359102370913038,1.0
0.33108449814369734,0.0,0.7970074905372843,0.0
0.3076828125185083,1.0,0.5736298964275235,1.0
0.366643309523877,0.0,0.6816473215016499,0.0
0.36486616303821506,1.0,0.5204227197129406,1.0
0.3276739059970552,0.0,0.7173024744229679,0.0
0.3424305876028878,1.0,0.5283665440889157,1.0
0.2865925711277754,1.0,0.6610411489259405,1.0
0.33922998480871236,1.0,0.6752694855978005,1.0
0.2972791026611844,0.0,0.741615593974925,0.0
0.22510936388341782,0.0,0.6928542507678339,0.0
0.33912778507875696,1.0,0.5570008769162577,1.0
0.3164525860980134,0.0,0.5137446956997542,0.0
0.4841878265930889,0.0,0.5268454428477415,0.0
0.37018605999895343,1.0,0.7991732013214234,1.0
0.3326574094875918,1.0,0.6652158216889837,1.0
0.25330243334149966,1.0,0.693583517298024,1.0
0.3104108124621939,1.0,0.698583937299351,1.0
0.46442995113603647,0.0,0.7166493384077088,0.0
0.31048706552539473,1.0,0.7020933370120988,1.0
0.28598604978042275,0.0,0.6600282769886211,0.0
0.48390263514257725,0.0,0.6666405551089575,0.0
0.37315955497530734,1.0,0.7589692489260284,1.0
0.41886677160258606,0.0,0.5242615695562924,0.0
0.3692068730118406,0.0,0.5866511741239988,0.0
0.39081079790919926,1.0,0.7828287371162933,1.0
0.4280071883827818,1.0,0.7048632628176404,1.0
0.4606190871225425,0.0,0.6452820174851595,0.0
0.27826371808174993,0.0,0.6238093750207032,0.0
0.42949888993129615,0.0,0.6258449877126226,0.0
0.2122156454074993,1.0,0.6860045418392984,1.0
0.4352243505832874,1.0,0.5827152710426373,1.0
0.45160401724539256,1.0,0.6095373019702707,1.0
0.2264921108088435,0.0,0.7372202068274463,0.0
0.44388406227372845,1.0,0.5349532128169813,1.0
0.4655216530853312,1.0,0.6860360570284133,1.0
0.4884038703709285,1.0,0.534344401494103,1.0
0.2824997873149698,1.0,0.524278914737383,1.0
0.4768576118187148,1.0,0.6868196562267179,1.0
0.29421942454295935,0.0,0.5635580028099572,0.0
0.4751482887208157,1.0,0.6962581766023677,1.0
0.2454820099828108,1.0,0.6212054380806811,1.0
0.484964860295787,1.0,0.5740504847143711,1.0
0.2923081350275218,1.0,0.7336315291281698,1.0
0.3945055748134293,1.0,0.6235054338583466,1.0
0.40142476595122367,1.0,0.6308879927331127,1.0
0.4172367295060328,0.0,0.7901489093863827,0.0
0.49001745401100927,1.0,0.6916998496297445,1.0
0.28681870793261083,1.0,0.5198219888507282,1.0
0.4548843965517768,1.0,0.7998017482673703,1.0
0.4526399576047522,0.0,0.7747008948671076,0.0
0.4792560580170512,0.0,0.6966969417513654,0.0
0.29597238995765096,1.0,0.6793097212916845,1.0
0.4552470554414097,1.0,0.7763175219052447,1.0
0.2723978740762393,0.0,0.5602354439215917,0.0
0.39678397487562955,1.0,0.547489969547416,1.0
0.24565726828626755,0.0,0.5738463666920794,0.0
0.42963836468489874,0.0,0.5418461077948593,0.0
0.3794830552966887,0.0,0.7085317694621917,0.0
0.4854191202745958,1.0,0.718184240689223,1.0
0.4116771941016897,0.0,0.5333118410591433,0.0
0.4614433462836365,0.0,0.7168271024559967,0.0
0.3893756571237713,0.0,0.5463746593549134,0.0
0.4059083133931711,1.0,0.6207469440569159,1.0
0.2142946805129216,1.0,0.6569335147114853,1.0
0.2953532215451976,0.0,0.6056778163227605,0.0
0.4009232605921954,1.0,0.661951055016999,1.0
0.23860598845080044,1.0,0.7560227233550433,1.0
0.4670162006038957,0.0,0.6104993684485109,0.0
0.46324319760780175,0.0,0.7034504382442309,0.0
0.3780663076605674,1.0,0.6005075289684503,1.0
0.2618825404527,0.0,0.6850565641322446,0.0
0.4099411294501613,1.0,0.7520484688788404,1.0
0.3654660148447465,0.0,0.5726495878146152,0.0
0.37377496689117307,1.0,0.5308840058996253,1.0
0.4845743503016128,0.0,0.6854898272960219,0.0
0.35097783056824444,0.0,0.6180995552770131,0.0
0.3694195968279701,0.0,0.6927104892581156,0.0
0.4450651529574998,1.0,0.6199958370153495,1.0
0.28015835994354155,0.0,0.5901508513493623,0.0
0.4103234231447948,0.0,0.6075761235682041,0.0
0.39545569478220066,0.0,0.5183110346408838,0.0
0.28913048709771755,1.0,0.525084413566861,1.0
0.32965120748135834,1.0,0.7905834546813046,1.0
0.4893813438317445,0.0,0.5840572361818565,0.0
0.49230968994212765,1.0,0.7162051030775621,1.0
0.3966680851423586,1.0,0.6628528967768292,1.0
0.2930275420856834,1.0,0.6911742321622215,1.0
0.4277065502453522,1.0,0.7651216732995447,1.0
0.4872929504053477,1.0,0.5697189965410088,1.0
0.4464927867525087,0.0,0.7375028307413273,0.0
0.4674408940367646,0.0,0.5574154448676498,0.0
0.24644231552426782,1.0,0.7454978750136502,1.0
0.22292908055118132,0.0,0.6079213838918172,0.0
0.23378758528330934,1.0,0.6180632619256959,1.0
0.3149406933286089,0.0,0.7688694201602726,0.0
0.3625787469622942,0.0,0.5450276697772419,0.0
0.4598487393246575,1.0,0.5703017716179408,1.0
0.2626829630848183,1.0,0.7569356189560097,1.0
0.3188550623663119,0.0,0.7367775654502332,0.0
0.44991613507466266,0.0,0.6548451180666883,0.0
0.3158399642683524,1.0,0.7175167281059074,1.0
0.4242343546798031,1.0,0.6924316071841653,1.0
0.2457967007849282,1.0,0.7441960844737864,1.0
0.35618250425700543,1.0,0.6636619288886355,1.0
0.30340239538652763,1.0,0.6492708803057092,1.0
0.42494229819697726,1.0,0.5859943864708171,1.0
0.3879091805891508,0.0,0.6818917722753358,0.0
0.42483858569054667,0.0,0.6093055850439782,0.0
0.4069301000684962,1.0,0.6666522890503245,1.0
0.3941782661776073,0.0,0.7017387029817979,0.0
0.2540224191660664,1.0,0.5289031078566433,1.0
0.2670143872726592,0.0,0.7402080216506373,0.0
0.28118171082969323,1.0,0.7102434925676329,1.0
0.3779061895465857,0.0,0.5772020111019153,0.0
0.33635002167688766,0.0,0.5132617606024692,0.0
0.23853866063973242,1.0,0.5968459124306956,1.0
0.4699847125759007,1.0,0.7396668616947278,1.0
0.3218755195237628,0.0,0.688225078918603,0.0
0.24149709864590327,1.0,0.7077787165637319,1.0
0.28146863797006527,1.0,0.7398299666533625,1.0
0.2849324655653903,1.0,0.6037080422413934,1.0
0.3639516116056728,1.0,0.5540134637246852,1.0
0.48742866098503257,0.0,0.5803257639309298,0.0
0.467808579740301,1.0,0.5416904040509577,1.0
0.26393576827587834,0.0,0.7996045331722057,0.0
0.23728780800728586,1.0,0.5682113563942198,1.0
0.490531246193743,1.0,0.7608244243159943,1.0
0.377002967653974,0.0,0.7789638705748338,0.0
0.35687531062291444,0.0,0.5161086520613737,0.0
0.39972221432781485,1.0,0.5255508417979298,1.0
0.28685727927006655,1.0,0.5791639611151899,1.0
0.33230867558566357,0.0,0.7227912299404076,0.0
0.2506079992310044,1.0,0.5813105474528103,1.0
0.36537006544817296,0.0,0.5680349245203242,0.0
0.38720571997090436,1.0,0.6884460038417328,1.0
0.21946474409758882,1.0,0.7664974069496928,1.0
0.36283844177216995,1.0,0.5219682983055087,1.0
0.21590075101019973,0.0,0.7979678130152301,0.0
0.23209309918991597,0.0,0.7615075183377942,0.0
0.47618938109463327,0.0,0.7698585001279723,0.0
0.33314183519364293,1.0,0.7622141833613735,1.0
0.4033548043759968,1.0,0.6927268877047729,1.0
0.39368058872723277,1.0,0.6047087262590887,1.0
0.2597587253850514,1.0,0.5612091321828429,1.0
0.3431078193282556,1.0,0.7534110379420017,1.0
0.42679354929412877,1.0,0.7017003971856983,1.0
0.2914930170637516,0.0,0.5175977025979489,0.0
0.24226183162872827,0.0,0.6531309498552371,0.0
0.3447190683587539,1.0,0.5731404146030887,1.0
0.4049256135879833,1.0,0.7864512511443569,1.0
0.31847856394290147,0.0,0.7067106247111281,0.0
0.4807248470741121,0.0,0.5826747690166034,0.0
0.3606254917914583,0.0,0.6627247925698487,0.0
0.31857665576962313,1.0,0.6262776241629365,1.0
0.38000616197242054,0.0,0.6058802860192812,0.0
0.2544400930654772,0.0,0.5333549262364357,0.0
0.2375009859994866,0.0,0.7165009568820563,0.0
0.2831228508624531,1.0,0.6215136211889082,1.0
0.24315113653886317,0.0,0.7424130742364459,0.0
0.3400589829728772,1.0,0.6657390418835498,1.0
0.49532158851388364,1.0,0.6171362636783795,1.0
0.3211294534764256,1.0,0.6096566178904985,1.0
0.24730244864032008,0.0,0.530506905539268,0.0
0.25527039686223296,0.0,0.7079151265601075,0.0
0.4957937554023525,0.0,0.5218384255457158,0.0
0.23611595020268533,1.0,0.5549091693138485,1.0
0.29863992036841,1.0,0.7096483205922404,1.0
0.2287592596782725,0.0,0.628202981777899,0.0
0.2905966755920356,0.0,0.7532327457783181,0.0
0.3412585143292399,1.0,0.7026430401343204,1.0
0.2644043583501283,0.0,0.5487471616523281,0.0
0.3166109181048492,1.0,0.6355991699795923,1.0
0.4415507845434775,1.0,0.5938466512006496,1.0
0.37907232199438184,1.0,0.601192418584977,1.0
0.24692901689096616,1.0,0.7902891298406668,1.0
0.3875322151908396,0.0,0.6105313500503847,0.0
0.2874877643423607,1.0,0.7176625164102721,1.0
0.4716440233409467,0.0,0.6983075962317696,0.0
0.41192430086661397,1.0,0.7120898315005341,1.0
0.44209202390461044,0.0,0.6451744859949594,0.0
0.2816906470128959,0.0,0.5727114966938227,0.0
0.3498626867271837,1.0,0.7031881620327413,1.0
0.40498582950374007,0.0,0.7692737881822045,0.0
0.3765371994541784,0.0,0.6975920496903865,0.0
0.4963900133836845,1.0,0.5706636606372973,1.0
0.3392526649561498,0.0,0.6397531198409011,0.0
0.34599967668210785,0.0,0.7967284823727794,0.0
0.29121546525685793,1.0,0.5474876565540474,1.0
0.35078491907610754,0.0,0.7698181582514273,0.0
0.3773063720591421,1.0,0.7646062268107625,1.0
0.3114171244753803,0.0,0.5191493297117612,0.0
0.32534741906412856,0.0,0.5108875704424399,0.0
0.403444108714521,0.0,0.7201714464261035,0.0
0.3100386499055209,1.0,0.6933377779853616,1.0
0.21237690337398918,0.0,0.620495697055126,0.0
0.4097447130750519,0.0,0.5801622484621465,0.0
0.264508228998423,1.0,0.7044838805941984,1.0
0.22316329135989718,0.0,0.5954673457440081,0.0
0.48190686677713845,0.0,0.7869700289814732,0.0
0.32988574002521776,1.0,0.5663304889101829,1.0
0.43549468861729845,1.0,0.6230293476681359,1.0
0.4244384916651225,1.0,0.7460502253050838,1.0
0.35348466259879235,0.0,0.5198971077852759,0.0
0.2837435662656633,0.0,0.5807473360315011,0.0
0.4936433523626229,0.0,0.6825705265691282,0.0
0.24405679007153633,0.0,0.5550168836813273,0.0
0.43563647103127556,0.0,0.5428934363348721,0.0
0.23380779658914966,0.0,0.7032702114297127,0.0
0.21716101403663157,0.0,0.6865631625764956,0.0
0.3314673984158424,0.0,0.7511474729204967,0.0
0.3336711890393832,0.0,0.7528844768112024,0.0
0.4258214935874357,1.0,0.7152207377536353,1.0
0.4344128054652845,1.0,0.713027523336641,1.0
0.46802467612895393,1.0,0.7550893230369071,1.0
0.37060106561031614,0.0,0.6775640088359631,0.0
0.4592204873160837,1.0,0.6723609036814325,1.0
0.2715249863305783,0.0,0.6701152585036125,0.0
0.42205081986569287,1.0,0.71236553019667,1.0
0.44551270843903584,0.0,0.7239339144144841,0.0
0.4826666010949918,0.0,0.5339389667739415,0.0
0.4881585607637896,1.0,0.6101953700874831,1.0
0.3164109954411262,0.0,0.5684260389414911,0.0
0.4973443945216941,0.0,0.5540672406299352,0.0
0.4622569750246158,1.0,0.5623139141167632,1.0
0.25530197491724976,1.0,0.6995800129692074,1.0
0.3060371730279264,0.0,0.6458934625391219,0.0
0.2259701111247256,0.0,0.731806388373998,0.0
0.25987740327755365,0.0,0.6037601257973642,0.0
0.3746594196653076,1.0,0.7294911836885605,1.0
0.3185707407749123,0.0,0.6019823885395185,0.0
0.22535881328211896,0.0,0.7915026985934812,0.0
0.45568751666106583,1.0,0.7611959229711882,1.0
0.29921397609578154,1.0,0.705157886307672,1.0
0.4339888070229855,0.0,0.7636834590180694,0.0
0.49544500953089343,0.0,0.7868496215116634,0.0
0.2934032269103303,1.0,0.6617079223935258,1.0
0.23782453094690037,1.0,0.704397664537227,1.0
0.2684170912776769,0.0,0.6569940578314821,0.0
0.37651683731170943,1.0,0.5197467798304128,1.0
0.43961727141244133,0.0,0.5203026911521971,0.0
0.34393482631281935,1.0,0.5502280236500978,1.0
0.3593801329061063,1.0,0.7131399559756573,1.0
0.3732816659231999,0.0,0.704951547391321,0.0
0.357945755072812,0.0,0.6231941005320815,0.0
0.413592228166478,0.0,0.6010941537523563,0.0
0.4081327850189791,1.0,0.6953492609412089,1.0
0.4580723208425741,1.0,0.6347650861140972,1.0
0.4675282267175148,1.0,0.515917878210576,1.0
0.27029695090489575,0.0,0.610258933911226,0.0
0.3328201977981945,0.0,0.6838150497312772,0.0
0.46034950999649116,0.0,0.7748813709074338,0.0
0.4506832305074135,1.0,0.5357073471707051,1.0
0.3696195497722248,1.0,0.5765536753895447,1.0
0.25814143990295335,0.0,0.6284858953161632,0.0
0.45135790663785647,0.0,0.5671965500883908,0.0
0.4683966660821187,1.0,0.6127557112204475,1.0
0.38309061996169114,1.0,0.7201699456825816,1.0
0.47116319198488776,0.0,0.6922607421471475,0.0
0.3372994591912257,0.0,0.744031034403782,0.0
0.2912122229769183,0.0,0.7443666037876446,0.0
0.45939729830301834,1.0,0.5811357906399889,1.0
0.27972201348689246,1.0,0.676270975272239,1.0
0.3329656974658398,0.0,0.5608002007815265,0.0
0.4759044269478302,0.0,0.7280482147463702,0.0
0.4718276938837319,1.0,0.5839898392701781,1.0
0.40209844643044146,1.0,0.6314371002201883,1.0
0.4928446782652848,1.0,0.5161139294929907,1.0
0.22980883455032808,0.0,0.6768780493446782,0.0
0.2857268531543414,0.0,0.7320329007866611,0.0
0.24608376151403555,1.0,0.5827276570425085,1.0
0.30327177894573076,1.0,0.7544324799515643,1.0
0.45078973760831065,0.0,0.5312166242039453,0.0
0.389462635121236,1.0,0.6889650289704741,1.0
0.408619577054789,0.0,0.7499104995232357,0.0
0.3552207732981303,1.0,0.7296761978665274,1.0
0.2544502317005976,1.0,0.665041553847993,1.0
0.45151408432243123,1.0,0.5832454481370196,1.0
0.4194251531667193,1.0,0.6988140206503817,1.0
0.442771426087582,1.0,0.594616228873158,1.0
0.33023844484393355,0.0,0.5391527243999454,0.0
0.26601362508677445,1.0,0.5918090451725366,1.0
0.33663771512352203,1.0,0.7488376946230275,1.0
0.44589130882409794,1.0,0.6730015164661292,1.0
0.40754639147822647,1.0,0.5591982880244638,1.0
0.2407067555527218,0.0,0.6155299163393332,0.0
0.47564720370019686,0.0,0.7272441784421251,0.0
0.43162957079477543,0.0,0.6506707977851762,0.0
0.40547967762327664,0.0,0.5356166104353494,0.0
0.3136437027761521,1.0,0.6813551496472787,1.0
0.3423785392325387,1.0,0.6901321423641786,1.0
0.4953247921940557,0.0,0.765211739471972,0.0
0.32697463556446116,0.0,0.6544303417354888,0.0
0.21174893335980152,0.0,0.6509841479904848,0.0
0.300624916955886,0.0,0.6287402686050907,0.0
0.23293991832956426,0.0,0.7806311191681815,0.0
0.3118893481584186,0.0,0.7125136868932304,0.0
0.42317512640911403,1.0,0.5414506075517843,1.0
0.2127308572685033,1.0,0.6395395582865062,1.0
0.40909837565576557,1.0,0.5367005648091084,1.0
0.21391491778488866,1.0,0.5564130041465053,1.0
0.26896961063970326,1.0,0.737760934630042,1.0
0.4091439136399094,1.0,0.6938079777151641,1.0
0.49888228111136923,0.0,0.5323249971389669,0.0
0.3107615653465276,0.0,0.7585593095138393,0.0
0.321568262998694,0.0,0.6958499007433443,0.0
0.38321351254878816,1.0,0.5608275312484097,1.0
0.46950958299424905,1.0,0.6647436286690079,1.0
0.34190591784871505,0.0,0.659980080710119,0.0
0.46569399810518,1.0,0.6629744264707487,1.0
0.2769964381078574,1.0,0.686768147000571,1.0
0.3199622197108374,1.0,0.7006521692197993,1.0
0.4690779721540086,1.0,0.5174272536650952,1.0
0.4017169789088759,1.0,0.5925931412267449,1.0
0.3392455341304983,1.0,0.7754390664199646,1.0
0.4661941530540308,1.0,0.7026418236446333,1.0
0.3922029435205462,1.0,0.538218441554913,1.0
0.2916797510993532,1.0,0.5929764980263653,1.0
0.42231242648214307,0.0,0.5775220533288814,0.0
0.285616306520263,1.0,0.7876237676679277,1.0
0.46387577375419653,0.0,0.7819397884061312,0.0
0.4448024018734652,0.0,0.6938055096096801,0.0
0.3334660643059652,0.0,0.7891554397010698,0.0
0.24562201535369615,1.0,0.6884837310217878,1.0
0.2853060031470996,1.0,0.7101571032523486,1.0
0.428854182175227,0.0,0.7257306050859345,0.0
0.22868994375535698,1.0,0.7876459949040227,1.0
0.3624699215561703,0.0,0.5332314241479033,0.0
0.4595825894146851,1.0,0.5920694215261211,1.0
0.4948384575634933,0.0,0.5998232889987862,0.0
0.2539491864110465,0.0,0.6499317655562535,0.0
0.4109876791210205,1.0,0.604215889582986,1.0
0.42938036998524187,1.0,0.7062128290427542,1.0
0.37034594071345006,0.0,0.5979272705988894,0.0
0.47907225226276007,0.0,0.5269893932650718,0.0
0.41570100293839796,1.0,0.6605128205740686,1.0
0.45941053058680803,1.0,0.5500462835489605,1.0
0.2382119050153439,0.0,0.5555755885628386,0.0
0.2788051062012873,0.0,0.6448796968311143,0.0
0.3058620585491548,1.0,0.5139891468615903,1.0
0.4559748486439118,1.0,0.5525354203507223,1.0
0.28378426059650863,1.0,0.5597471788564203,1.0
0.40134961493094357,0.0,0.6048354813351606,0.0
0.48609182614809965,1.0,0.5978871863328037,1.0
0.29790452199286893,1.0,0.51301549924784,1.0
0.2394634511677084,0.0,0.6876787835096514,0.0
0.3012702592446511,1.0,0.5235768136123273,1.0
0.47295245245821427,1.0,0.6379428687521352,1.0
0.3922705736589162,1.0,0.7649538978575194,1.0
0.35351546866558814,1.0,0.6239067926180828,1.0
0.46072566043809626,0.0,0.5718508992079498,0.0
0.22705291000837338,1.0,0.7100602039459836,1.0
0.3582768656800658,1.0,0.7930011183264087,1.0
0.2227968383036406,1.0,0.5901428214936979,1.0
0.46901594812209635,0.0,0.5576636847267277,0.0
0.24656122977648434,0.0,0.6487778733103033,0.0
0.30427038919546384,0.0,0.6501457216282767,0.0
0.23563705200450138,1.0,0.7798871746502186,1.0
0.3957967855145229,0.0,0.632212044708458,0.0
0.2910589176065145,0.0,0.513053000966009,0.0
0.27690802499560074,0.0,0.5788438051761483,0.0
0.49809891767391345,0.0,0.6564667808769435,0.0
0.37630322190604154,1.0,0.5660673590393882,1.0
0.44401148444391203,1.0,0.7091942903797452,1.0
0.4216729285238311,0.0,0.6203868174545086,0.0
0.4042930289288343,1.0,0.5926147071456609,1.0
0.25104772011732795,0.0,0.6628655291625732,0.0
0.3988974395649808,0.0,0.5421867945801306,0.0
0.3775820221673537,1.0,0.5205366823636935,1.0
0.4315530897861476,0.0,0.5720807290084516,0.0
0.4682378079395676,0.0,0.7156919254619113,0.0
0.38138239983683264,1.0,0.593220373904935,1.0
0.49545513906835925,0.0,0.7944789370761439,0.0
0.49476031778722507,0.0,0.7990469547566365,0.0
0.4213054929022601,0.0,0.5406556952029604,0.0
0.31614286235893324,1.0,0.7983780837570627,1.0
0.3136151054732179,1.0,0.7896189070567732,1.0
0.4176133177850587,0.0,0.5900308343203414,0.0
0.27161225128618194,1.0,0.7880183358084163,1.0
0.48124144650071365,1.0,0.5591539851244164,1.0
0.46459337794207234,1.0,0.614413213330371,1.0
0.2561187929672175,0.0,0.5547529144969561,0.0
0.25723469537527727,0.0,0.7985567755395024,0.0
0.42609712128836075,1.0,0.7040289468820503,1.0
0.25537189737280885,0.0,0.5385863914461089,0.0
0.3243022143028267,0.0,0.5151201686121968,0.0
0.463053327224594,0.0,0.7957180175581722,0.0
0.2782156423678682,1.0,0.7622441450252233,1.0
0.4170022186915261,1.0,0.5153825249211171,1.0
0.45731520381613533,1.0,0.7156524148901805,1.0
0.24188375848134525,0.0,0.5239461313686063,0.0
0.3239429341040388,1.0,0.7408250025805637,1.0
0.32996699946620667,0.0,0.7990100760810807,0.0
0.2107220347134701,0.0,0.5850739201737916,0.0
0.45221496893766455,0.0,0.693140128192124,0.0
0.46057012401736463,0.0,0.6597136499516727,0.0
0.3656543178822376,0.0,0.6234174360812483,0.0
0.4995589461719073,1.0,0.694670812061067,1.0
0.41488131608268486,1.0,0.6483558890688725,1.0
0.3624849179130844,0.0,0.7651554990760643,0.0
0.27788624249773236,0.0,0.6153901662870067,0.0
0.2784768545914865,0.0,0.7857603000374471,0.0
0.401137870423249,0.0,0.7403810184165347,0.0
0.49700552209448456,0.0,0.6136321242384493,0.0
0.38034443794101946,0.0,0.6201324441353704,0.0
0.38592837860389184,0.0,0.6625285842219687,0.0
0.2563607784732554,1.0,0.7230583029185857,1.0
0.24759770314158075,0.0,0.6015889671854583,0.0
0.21275442283387816,1.0,0.5634360593873801,1.0
0.2493769460876081,0.0,0.5370999084977369,0.0
0.38486347046967617,1.0,0.5411164400538031,1.0
0.4195817731630677,1.0,0.6578470458259638,1.0
0.42421818558332325,1.0,0.5915646919395741,1.0
0.46673699338682184,1.0,0.5558917349803983,1.0
0.4963400702177979,0.0,0.6933573930798266,0.0
0.2506797942569213,1.0,0.781022217040553,1.0
0.398329107498544,0.0,0.6539150537878319,0.0
0.26390200717279294,1.0,0.6101678982319076,1.0
0.36690200478217416,0.0,0.6957963260186724,0.0
0.22228968410844438,0.0,0.7219824823789613,0.0
0.454288897848488,1.0,0.7830851198006694,1.0
0.37623224506712083,0.0,0.6723700559548066,0.0
0.2668920052508619,0.0,0.7610194370802166,0.0
0.39271725619592235,1.0,0.6351415388427726,1.0
0.31022941791389036,1.0,0.7273316310984468,1.0
0.373601563152399,1.0,0.6701669357272181,1.0
0.3358620827338155,1.0,0.5392026093974801,1.0
0.3891703640038978,1.0,0.5809362092675157,1.0
0.4458612839950648,0.0,0.7783724761532311,0.0
0.21669152587854523,1.0,0.5210380960995722,1.0
0.4270751001505577,0.0,0.6316201320662236,0.0
0.25940761563219933,1.0,0.6310138020382178,1.0
0.37691113757048955,1.0,0.7716766494921656,1.0
0.45600787259537795,0.0,0.5541475084709638,0.0
0.3390730937090321,1.0,0.5222753395946067,1.0
0.45771653903597564,1.0,0.5629765683570631,1.0
0.26072963824603484,1.0,0.5437263734406433,1.0
0.3043375713778845,0.0,0.6511195366693644,0.0
0.39919904898416103,1.0,0.6757717230415208,1.0
0.3724224212908157,1.0,0.5663721456299098,1.0
0.33615207763742416,0.0,0.7776747738102128,0.0
0.386206157388838,0.0,0.7639991020967241,0.0
0.41397825979420483,0.0,0.648143788779397,0.0
0.22351504933586736,1.0,0.798197220443913,1.0
0.43426470184636334,1.0,0.7486060525621321,1.0
0.3917330008919361,1.0,0.7045460770835689,1.0
0.4749071641680239,1.0,0.6086222363942353,1.0
0.40046854127916504,1.0,0.6472794023186068,1.0
0.22389134662424667,1.0,0.7632476258757406,1.0
0.4896956262443829,1.0,0.7097102543172416,1.0
0.26612606027781743,0.0,0.7620998341648617,0.0
0.31524738710690053,0.0,0.6117472628415643,0.0
0.42022298655400003,0.0,0.7773987278384202,0.0
0.40672474317045537,1.0,0.5704330182720323,1.0
0.3655267361599174,0.0,0.6378304308120403,0.0
0.39902632057786735,0.0,0.7192889194908629,0.0
0.28617147546654365,1.0,0.7272119672250832,1.0
0.4420314873767828,0.0,0.769808970682041,0.0
0.2861026157770709,1.0,0.5750531744220058,1.0
0.32656080007273725,1.0,0.7074877511541854,1.0
0.3362612674093006,1.0,0.7197672797830448,1.0
0.46482461458813695,1.0,0.6198007412977566,1.0
0.33485183803059265,0.0,0.6286777107889409,0.0
0.2660214722131535,0.0,0.6312829797469726,0.0
0.4041261978551355,1.0,0.7814529746826155,1.0
0.46038771941303414,0.0,0.5787959025260259,0.0
0.21653322646157325,0.0,0.5870103193321562,0.0
0.3421096345846163,0.0,0.5704534125396815,0.0
0.38980743280067237,0.0,0.7992559130540292,0.0
0.40643193644424,1.0,0.641661094842677,1.0
0.2668448131551795,1.0,0.650481424777223,1.0
0.37395937817339353,1.0,0.7197545723448576,1.0
0.41765159086524745,1.0,0.7148771985102661,1.0
0.4783784136147444,1.0,0.6247771769996611,1.0
0.449297133061552,0.0,0.5302747323205521,0.0
0.22240405852185557,0.0,0.5274243628834759,0.0
0.29957931883771705,0.0,0.6187094388110164,0.0
0.34792455131231165,1.0,0.6843328895906341,1.0
0.4393973894823095,0.0,0.5609811177131366,0.0
0.38167277063202165,1.0,0.7259516059591214,1.0
0.4197708940859308,1.0,0.7649446571012913,1.0
0.23149471742004465,1.0,0.6769342729551125,1.0
0.2582066729301789,0.0,0.778646763769455,0.0
0.3370452419817178,1.0,0.6438947315806098,1.0
0.40831687976987174,0.0,0.6530692360527753,0.0
0.32132712658034546,1.0,0.5692163659892853,1.0
0.34727264899661736,0.0,0.5597697471099863,0.0
0.4378007486308343,1.0,0.7658970131690419,1.0
0.2743293098577176,1.0,0.6522127654124543,1.0
0.256623131827027,1.0,0.6036857486177041,1.0
0.45120761836185563,0.0,0.7359272912511902,0.0
0.2962920826754302,0.0,0.6326717418407216,0.0
0.41790536794934574,1.0,0.7930429576002083,1.0
0.3917039469163021,1.0,0.5923897620797821,1.0
0.21565908022677466,0.0,0.6786014341044247,0.0
0.3711988409360777,1.0,0.7359067757170555,1.0
0.4886453206678515,0.0,0.7883807292450646,0.0
0.2380237276724659,1.0,0.6341216184840983,1.0
0.3220671725375239,1.0,0.7323558575260858,1.0
0.3462548203165373,0.0,0.6923958131974909,0.0
0.3545814492597771,1.0,0.6854125788702705,1.0
0.39991321521824863,1.0,0.5725902459142536,1.0
0.348877221233984,1.0,0.7428773782645062,1.0
0.3738086534594005,1.0,0.7204522419699014,1.0
0.4986608871156418,0.0,0.7819489615752246,0.0
0.3119212522042261,1.0,0.7542781441600422,1.0
0.3220307552741438,0.0,0.6567603983731535,0.0
0.43128893716854133,1.0,0.6473566844937586,1.0
0.30285014097748203,1.0,0.626461077864893,1.0
0.31761105774580367,1.0,0.781640645884998,1.0
0.23131744215972308,1.0,0.7023867233272387,1.0
0.2100183481668836,1.0,0.7210999350964571,1.0
0.48667856463772885,0.0,0.6984766578660765,0.0
0.4643558182383205,0.0,0.536386082937981,0.0
0.48487457981485915,1.0,0.7247135157639506,1.0
0.28123842966747364,1.0,0.7333904423607207,1.0
0.3584153016561774,1.0,0.7820998249205969,1.0
0.28290354676364315,1.0,0.5997237549191055,1.0
0.22973944739628605,0.0,0.6281576055930673,0.0
0.37918920695284203,1.0,0.7485107914609269,1.0
0.4515051334510811,1.0,0.732839381700194,1.0
0.4449813203074368,0.0,0.6995530765253345,0.0
0.36795037949383175,0.0,0.6840051212114933,0.0
0.35237753896664137,0.0,0.5473384125468821,0.0
0.3436113672317269,1.0,0.6879567968118623,1.0
0.4098786769826891,0.0,0.7268922080533013,0.0
0.40826392950150037,1.0,0.7218501420009051,1.0
0.4895705246300852,1.0,0.7515833297881067,1.0
0.45432436561153877,1.0,0.5456753688261023,1.0
0.4529988285201261,0.0,0.5911658702124527,0.0
0.31400499857839914,0.0,0.7220056884680814,0.0
0.38179026244222936,1.0,0.7627448250626889,1.0
0.33052150387575435,0.0,0.5576491874425809,0.0
0.2835560352629137,1.0,0.5926831047175553,1.0
0.4755900738632879,0.0,0.7776585768215629,0.0
0.34922433947494264,1.0,0.5941670726402463,1.0
0.42304608086251594,0.0,0.7739865753709241,0.0
0.34544007624368245,0.0,0.7208978360136302,0.0
0.22357214400640066,1.0,0.7356233115309171,1.0
0.47272410271291454,0.0,0.7856408230960998,0.0
0.45709176030276477,1.0,0.5257927701662997,1.0
0.44309302647567944,1.0,0.6067561080603321,1.0
0.4200797421661474,1.0,0.6633616924079884,1.0
0.2800104854109008,0.0,0.7009263875280998,0.0
0.3467709292006732,1.0,0.7802143029264095,1.0
0.39474361879004094,1.0,0.7799602286269145,1.0
0.37025352032585024,0.0,0.7891041816885536,0.0
0.45631705247118576,1.0,0.5471053100170721,1.0
0.3081025369375671,0.0,0.6109648314763649,0.0
0.3151885089399147,0.0,0.623616608657957,0.0
0.4903720624269452,1.0,0.7133915471639157,1.0
0.35338417428951197,0.0,0.5265287177577958,0.0
0.3018041635464162,0.0,0.6593209254984873,0.0
0.38684322029623436,0.0,0.6429799838689256,0.0
0.32237103290369346,0.0,0.6162815768366673,0.0
0.4894830979753959,1.0,0.5561294240089112,1.0
0.2119812381420361,0.0,0.6198427845918864,0.0
0.4510916296832522,1.0,0.7208661614143936,1.0
0.42603671568638213,0.0,0.5905477600724639,0.0
0.2997073209204288,0.0,0.5605963396254354,0.0
0.4529444334203673,1.0,0.5754243010119964,1.0
0.27516369028621523,1.0,0.7659962533410913,1.0
0.4748222115637908,1.0,0.7355001604321583,1.0
0.2318025137455975,0.0,0.5337957441684703,0.0
0.3274858651426651,0.0,0.7902687985121915,0.0
0.26178819513229246,0.0,0.6141204771129289,0.0
0.4680984191394575,0.0,0.79562704776672,0.0
0.3924121463783834,1.0,0.6854229753995458,1.0
0.2270199807643349,1.0,0.7408150249991818,1.0
0.33945135983297303,0.0,0.5471102904990326,0.0
0.30208649552782363,1.0,0.5109430176373048,1.0
0.4982945580465562,1.0,0.6455544980589039,1.0
0.32382208777154636,0.0,0.7070236196673974,0.0
0.24597756022774797,1.0,0.772337997374132,1.0
0.26934612034545324,1.0,0.783125962322027,1.0
0.27622367860553954,1.0,0.7249443096171018,1.0
0.2624443795915023,1.0,0.5523425824903356,1.0
0.3298123186583926,1.0,0.714471959988208,1.0
0.36799404110917006,1.0,0.7671067507757601,1.0
0.3506427590530801,1.0,0.6730750013059561,1.0
0.34811480433642206,1.0,0.7028879234648034,1.0
0.2708637452193276,1.0,0.6879563010575832,1.0
0.4341479658382205,0.0,0.6773009645298884,0.0
0.3053381731290767,1.0,0.6714870315247812,1.0
0.4652364472513264,1.0,0.5996558183024907,1.0
0.4516417185976455,0.0,0.787383191499222,0.0
0.4352708201041805,1.0,0.6001938295540111,1.0
0.48989291563714243,0.0,0.7468034173191402,0.0
0.3142572943129245,0.0,0.606780476697693,0.0
0.40336197222564196,1.0,0.5940378228417302,1.0
0.28967993647140194,1.0,0.5603798827806896,1.0
0.4899014260868916,1.0,0.5855866742451742,1.0
0.2603132322460907,0.0,0.72481476952714,0.0
0.4788915945579677,0.0,0.7549756008946382,0.0
0.23341135840024574,0.0,0.5170088431680401,0.0
0.268456439826959,1.0,0.7369695462382997,1.0
0.43505843275780065,1.0,0.77810975744943,1.0
0.4506553786283589,0.0,0.6840641154787664,0.0
0.3396951068295634,1.0,0.7098484332162769,1.0
0.27510655629190484,1.0,0.7469123863167735,1.0
0.4407611417392722,1.0,0.7366650931048573,1.0
0.39821173793277354,1.0,0.5294900973119928,1.0
0.41375620727030826,1.0,0.6378014222202822,1.0
0.2947873173623625,0.0,0.7154504737219335,0.0
0.31202683417155,1.0,0.5802250881938276,1.0
0.32246370717116923,1.0,0.5286558402509713,1.0
0.3458943579529552,1.0,0.5814166413829481,1.0
0.38327670748142983,0.0,0.5107068687178006,0.0
0.2898573434286046,0.0,0.5844452649508552,0.0
0.42669971674351015,0.0,0.6367436376971353,0.0
0.48057890227886346,1.0,0.512678355416337,1.0
0.48989140606348025,1.0,0.5711129393325192,1.0
0.4458718825736664,1.0,0.7685472383350831,1.0
0.44368588763889166,1.0,0.6384496355175553,1.0
0.2645554599623644,1.0,0.794554114428083,1.0
0.35223348159339607,0.0,0.7419672978871088,0.0
0.36767109618374577,1.0,0.5983996661973836,1.0
0.4417185225650706,1.0,0.6953646082620334,1.0
0.21986564160222358,1.0,0.6246278457693719,1.0
0.46215846446524433,0.0,0.7525981042698019,0.0
0.2747061407991293,1.0,0.7485089985397997,1.0
0.3588129699860385,1.0,0.577486411011589,1.0
0.28340429531719374,0.0,0.5428578422627325,0.0
0.49409786215814566,1.0,0.6037477240136937,1.0
0.42710083569375357,0.0,0.6415272313407705,0.0
0.47368701976629923,0.0,0.5897785543222286,0.0
0.2159355136096401,0.0,0.6769415995325053,0.0
0.2551153488842245,1.0,0.5745896738453473,1.0
0.219695023085637,0.0,0.5158971402335685,0.0
0.2745823553810962,1.0,0.5409452564210481,1.0
0.37667489401943643,0.0,0.788556177518705,0.0
0.24210842116250542,1.0,0.6015777976525748,1.0
0.41427246007452195,0.0,0.615856413180039,0.0
0.3183919404141966,0.0,0.7090178003193389,0.0
0.23055589909887778,0.0,0.7379157898866013,0.0
0.3508596719973963,1.0,0.6687913297751664,1.0
0.4504170539850413,0.0,0.7556742639857773,0.0
0.28370322119929337,0.0,0.5730103725714621,0.0
0.2199898369259358,0.0,0.6879644059300505,0.0
0.32852743042665067,0.0,0.5593788355020973,0.0
0.2579342597552523,1.0,0.6090347687574494,1.0
0.3307614063763027,1.0,0.5921164012481789,1.0
0.24037559716713935,1.0,0.7438387464872731,1.0
0.24486071692930125,1.0,0.5831719668332722,1.0
0.380616376994803,1.0,0.7547298616417958,1.0
0.475504214793839,1.0,0.6311896655604027,1.0
0.40672405576078635,0.0,0.5103777422453577,0.0
0.47945045001396003,1.0,0.5106926056939961,1.0
0.3529233922625994,1.0,0.6839289831331008,1.0
0.4600872702440444,1.0,0.6718656963524845,1.0
0.22553158518571761,1.0,0.6570986560529384,1.0
0.2553139672143492,0.0,0.6075616389708212,0.0
0.4333256994848411,0.0,0.6814014537608515,0.0
0.3642961779894862,0.0,0.5869972158714641,0.0
0.3415050568265713,0.0,0.6491629994328256,0.0
0.48677437614101915,0.0,0.7855410739864088,0.0
0.41080411058729127,0.0,0.7978433881827702,0.0
0.3358616281054121,1.0,0.6859499611308854,1.0
0.2614463393306943,0.0,0.7519180018354281,0.0
0.3280314456579863,1.0,0.653361607197974,1.0
0.31019853355829136,1.0,0.6760564868647632,1.0
0.4741748181276222,1.0,0.5600802692770379,1.0
0.485230438711027,0.0,0.5858990440368118,0.0
0.3916909187037156,1.0,0.5712229717888939,1.0
0.2762314062527347,1.0,0.70500462218558,1.0
0.3553746986621159,1.0,0.7032429878634333,1.0
0.33574859792598,0.0,0.6086209301554643,0.0
0.37199969615853257,0.0,0.7470873667614717,0.0
0.4697565557861958,1.0,0.6458146916664349,1.0
0.33540164587169413,0.0,0.7656818039547449,0.0
0.3261162388554031,1.0,0.6527093210299577,1.0
0.2314823678282556,0.0,0.7081871174800316,0.0
0.39104813783356823,0.0,0.6558274820143131,0.0
0.33906834655215423,0.0,0.784691586213474,0.0
0.48901048945400416,0.0,0.7364875643921005,0.0
0.26648343205439406,0.0,0.7280182423517614,0.0
0.292627449666064,0.0,0.5773299555856601,0.0
0.2364657635293941,1.0,0.6962392411294548,1.0
0.37082586940543083,1.0,0.755134474734478,1.0
0.316182910289069,0.0,0.781529327524138,0.0
0.3517685332786943,0.0,0.5247574558778586,0.0
0.4391613985755694,1.0,0.661385700361487,1.0
0.39523422218257664,0.0,0.6604245387555978,0.0
0.3122261731976805,1.0,0.7583524037649734,1.0
0.28163368044671033,1.0,0.7837566688020146,1.0
0.46231200251604354,0.0,0.5943240251812615,0.0
0.234195159912248,0.0,0.5703188879506774,0.0
0.3411615362652828,1.0,0.5714520275004864,1.0
0.4536717840050637,0.0,0.6843898289283058,0.0
0.4405737728384683,0.0,0.5754317858377587,0.0
0.49493783975378036,0.0,0.6668627764614798,0.0
0.42553792275367364,0.0,0.6225168329439722,0.0
0.3221399998591944,1.0,0.55622403184598,1.0
0.38851699714070725,0.0,0.6058171055502799,0.0
0.44881068006026525,0.0,0.7391283372787217,0.0
0.40376868681293226,0.0,0.6155919945485206,0.0
0.39161358855461004,1.0,0.567530881123941,1.0
0.3370270433349737,0.0,0.7850995553461948,0.0
0.3074284592455028,0.0,0.7738478523198963,0.0
0.301311254140714,1.0,0.5316120658209524,1.0
0.4741241280194577,0.0,0.6088395307179573,0.0
0.3521778502762648,1.0,0.5192500663950729,1.0
0.2532617372760786,0.0,0.53767981519625,0.0
0.44041166353690764,1.0,0.5462663973236133,1.0
0.3804944060284133,1.0,0.7890263826646491,1.0
0.2285389684598521,1.0,0.6437799353410143,1.0
0.36944894405975276,0.0,0.7597848012528717,0.0
0.27581765849268164,0.0,0.593389922397222,0.0
0.3213035126237008,1.0,0.6340299220369471,1.0
0.2962156483109579,0.0,0.7525050542907769,0.0
0.48348832119057716,1.0,0.5920332439531915,1.0
0.49928334218812676,1.0,0.5384569022517034,1.0
0.33711120238210485,0.0,0.5444674681984369,0.0
0.2975425151581051,1.0,0.5209671975360324,1.0
0.28377169381910833,0.0,0.7663793392745926,0.0
0.23054024965392594,0.0,0.7786454318910893,0.0
0.47993776249539166,1.0,0.6581900524205515,1.0
0.23870124085835184,0.0,0.5743345789265156,0.0
0.28302469287053544,0.0,0.5941089163155355,0.0
0.3980781827381398,1.0,0.6490351254820754,1.0
0.36518236374921575,1.0,0.7137414332015446,1.0
0.2862035403206787,1.0,0.7131652071938644,1.0
0.28037485133308393,0.0,0.5800276536356404,0.0
0.4415288176375747,0.0,0.6187584554544472,0.0
0.3935825483973303,0.0,0.6995958262727775,0.0
0.46454330983259906,0.0,0.6548989372807733,0.0
0.3875868336549285,0.0,0.5766934232389446,0.0
0.43785154295488515,0.0,0.7881288805517785,0.0
0.404135296722052,1.0,0.613706685201356,1.0
0.476266783910845,1.0,0.5340790303240535,1.0
0.3037381094754065,0.0,0.7364145889246424,0.0
0.2979809691594939,0.0,0.7525358377331072,0.0
0.22761767936247407,0.0,0.6698644698303482,0.0
0.4081270941542765,1.0,0.7543915586603991,1.0
0.48745135078653123,1.0,0.7527820986684437,1.0
0.22269118414339908,0.0,0.7475028021559782,0.0
0.3745007334029616,1.0,0.7323435682022433,1.0
0.2384696432358021,1.0,0.5226399961982579,1.0
0.4630907100651591,0.0,0.6939568458255811,0.0
0.38030815594594464,0.0,0.6928706315901008,0.0
0.3357984054215054,1.0,0.5847893487191791,1.0
0.44053445300195987,0.0,0.7546646158726718,0.0
0.22276457952882722,1.0,0.7517800634266255,1.0
0.2969701953320433,0.0,0.5137933358608716,0.0
0.34465802142327345,1.0,0.5969233988377481,1.0
0.2620891603869107,1.0,0.5762294828467935,1.0
0.375984348558869,1.0,0.549629264425209,1.0
0.46990097214059356,1.0,0.5476637446867378,1.0
0.29930198617516224,0.0,0.5293073439643814,0.0
0.4147545010074888,1.0,0.6697762471754168,1.0
0.27951442643176766,1.0,0.7213178095218542,1.0
0.2582134771539942,0.0,0.5393256043232021,0.0
0.24733892356384363,0.0,0.7883052838572643,0.0
0.2675010172661363,1.0,0.5237929611886113,1.0
0.3728325669614194,0.0,0.5307687641475223,0.0
0.3457506257579558,0.0,0.7003377444718925,0.0
0.4498248137568518,0.0,0.6932179749511137,0.0
0.28038679544006995,1.0,0.6130591854003501,1.0
0.4055262928480101,1.0,0.5452221992463389,1.0
0.4288738251052032,1.0,0.6516634380052814,1.0
0.33582599501230337,1.0,0.7199439600575915,1.0
0.40098063103907283,0.0,0.711388757613845,0.0
0.3440752933936431,1.0,0.7497177853844218,1.0
0.2860127942561669,1.0,0.70932013163856,1.0
0.27758196907766985,0.0,0.6126910291975253,0.0
0.4280366279312199,0.0,0.607132209102967,0.0
0.2444540260489404,0.0,0.6028586335211646,0.0
0.24802376073836294,0.0,0.6704950033965109,0.0
0.4726740351353772,0.0,0.7769954339311471,0.0
0.3827710290423273,1.0,0.5578622250309753,1.0
0.22292512424936806,1.0,0.5628423820710591,1.0
0.49173074913564174,1.0,0.6194910905476632,1.0
0.3505840466249599,1.0,0.6054817762866904,1.0
0.38536440073394573,0.0,0.6664759933657785,0.0
0.37581870765774783,1.0,0.7771303995192307,1.0
0.2531155328087958,0.0,0.5888453343764936,0.0
0.24642791404502223,0.0,0.5670874721766321,0.0
0.4453230632092978,1.0,0.6933240043823712,1.0
0.4590193134293056,1.0,0.7268697964785668,1.0
0.4557346188306488,0.0,0.5233622285265316,0.0
0.46889533330695543,0.0,0.6343427088807646,0.0
0.2798128032295522,1.0,0.5720029389727919,1.0
0.4859257777765167,1.0,0.60715670543313,1.0
0.32901840866326765,0.0,0.5531856039412313,0.0
0.27131760499067104,1.0,0.6704890559359098,1.0
0.4893296808318597,0.0,0.5160622027458394,0.0
0.45574772792367035,0.0,0.7064386347100222,0.0
0.35140677827896405,0.0,0.7392367954648996,0.0
0.3193320504091764,1.0,0.6904059315780877,1.0
0.31765546227760855,1.0,0.6090764132199107,1.0
0.4587160506783014,1.0,0.7767889568797055,1.0
0.4926800163297891,1.0,0.5735915004249117,1.0
0.45481868090011335,1.0,0.5309176162253125,1.0
0.43698298791483997,1.0,0.5668256288509392,1.0
0.275286968859399,1.0,0.6673589194426027,1.0
0.3967293766303849,1.0,0.6212225672977973,1.0
0.23441629516355492,1.0,0.5422618881682886,1.0
0.3105341373071966,1.0,0.5725316594354727,1.0
0.25649466780276886,1.0,0.691954047092335,1.0
0.24958142554798918,0.0,0.7877712604914278,0.0
0.48918191147885826,1.0,0.5425124758048713,1.0
0.2966750514526796,1.0,0.5125554328367457,1.0
0.25430433022889876,0.0,0.5914172142130284,0.0
0.47938795354272234,0.0,0.7238527884657856,0.0
0.46889241839209284,0.0,0.5983130049485847,0.0
0.4468403440970573,1.0,0.6185864120270765,1.0
0.2842207425016851,0.0,0.5981118664967978,0.0
0.3009052630183573,0.0,0.784010276342217,0.0
0.45144166675441627,0.0,0.6230956854579622,0.0
0.22927183317013963,0.0,0.5726819475787367,0.0
0.2765959262965429,1.0,0.7572236930322063,1.0
0.42551103119659933,1.0,0.6893403123785522,1.0
0.388422216248711,0.0,0.7098212743662069,0.0
0.3970519432357358,1.0,0.5795432068903683,1.0
0.48077565248275866,1.0,0.5339351224276316,1.0
0.4122653907817583,1.0,0.7566282172089936,1.0
0.2347621909931425,0.0,0.7875609730325976,0.0
0.23477052824404987,0.0,0.6165122731103126,0.0
0.2827428733367977,1.0,0.7731977989074645,1.0
0.3809806885488449,1.0,0.7978518454767711,1.0
0.31300576132031466,0.0,0.7432108617824714,0.0
0.4811598520514707,0.0,0.7951457760011469,0.0
0.27135442591298803,1.0,0.5945951039439689,1.0
0.3285839965677547,1.0,0.6247529763936402,1.0
0.48508627899955925,0.0,0.5185547140796339,0.0
0.4658770805424406,1.0,0.7853250355220567,1.0
0.40025577367906556,0.0,0.5629466889337158,0.0
0.272049707124166,1.0,0.6126787734489036,1.0
0.31594088894168404,1.0,0.5129638119216992,1.0
0.34865964378569625,0.0,0.6364239758999878,0.0
0.39079665379399386,1.0,0.6018652960426856,1.0
0.26206274799274243,0.0,0.6166420686407675,0.0
0.4080500280895848,1.0,0.7238631872946911,1.0
0.42934459791461627,1.0,0.5271668323624976,1.0
0.3207000383767381,0.0,0.792944110539231,0.0
0.37868173078561934,0.0,0.5128489011619087,0.0
0.29050197427905666,1.0,0.7665993919951846,1.0
0.2950013886743194,0.0,0.6386768389226082,0.0
0.4006442072767652,1.0,0.6100247708947957,1.0
0.4334255349620778,1.0,0.762666340891469,1.0
0.2753514984270876,0.0,0.6643125536432676,0.0
0.25806229297716843,0.0,0.6158430952738271,0.0
0.3840794033639001,1.0,0.590348111246601,1.0
0.22670746161661803,0.0,0.6436669284534313,0.0
0.49681763860995765,0.0,0.7008551337599787,0.0
0.25209173920051503,1.0,0.5109950358613932,1.0
0.32124720546705837,1.0,0.6117212753639762,1.0
0.2887407111141717,0.0,0.5337231304100872,0.0
0.3289018081767854,0.0,0.5903787152220406,0.0
0.3132100055671466,1.0,0.5507037312355673,1.0
0.32748414818245103,1.0,0.6526842130151332,1.0
0.2125645387737875,0.0,0.542628347250542,0.0
0.3727522507829679,0.0,0.5919857636296189,0.0
0.35457980045879567,0.0,0.7806596899135066,0.0
0.3252297972365381,1.0,0.5382607533911303,1.0
0.3951978729844724,1.0,0.7620814740935717,1.0
0.35951508608513383,0.0,0.7619123963209387,0.0
0.4710203374018226,1.0,0.605603224048463,1.0
0.27281118206329685,1.0,0.7473493161557958,1.0
0.37606829624133054,0.0,0.7246541041291021,0.0
0.2776102695349203,1.0,0.77926872208306,1.0
0.2670544212128719,1.0,0.7513473756226483,1.0
0.2121581682214396,0.0,0.590142781455305,0.0
0.45599705039336996,0.0,0.6618651480595132,0.0
0.31046407739047516,0.0,0.7902359437108439,0.0
0.22072619321325587,0.0,0.5465222703681157,0.0
0.3432276452853632,0.0,0.5725246689416791,0.0
0.373573867475044,1.0,0.7272425592842485,1.0
0.23656318675251914,1.0,0.6409909955322546,1.0
0.35237907190153805,1.0,0.7198148290118569,1.0
0.25974395012283175,1.0,0.6274397086302703,1.0
0.42536197703994005,1.0,0.7852360608243648,1.0
0.46573579006361576,0.0,0.613040096857077,0.0
0.4239104624963833,1.0,0.5534182683249274,1.0
0.3368521371061346,0.0,0.5117277676571388,0.0
0.39116390792941313,1.0,0.5122059655034327,1.0
0.26802389508976926,0.0,0.6373352456768218,0.0
0.37903955011776314,0.0,0.6713794011527866,0.0
0.3715911194134397,1.0,0.5644409341605531,1.0
0.46386188740100687,0.0,0.65940752188006,0.0
0.48403794309414117,1.0,0.7414736998927621,1.0
0.44621409624548936,0.0,0.5192513126598802,0.0
0.47960875443110695,0.0,0.6663425642527656,0.0
0.24212536641470572,0.0,0.564053801384551,0.0
0.431339885476533,1.0,0.7157288949604933,1.0
0.23323878720602023,0.0,0.7819248969663006,0.0
0.256915522768105,1.0,0.745431421306097,1.0
0.23007998504671004,0.0,0.7633719679710285,0.0
0.42684089871150555,0.0,0.6055936206300698,0.0
0.37428400126228967,0.0,0.6804499218711707,0.0
0.40599428241780233,1.0,0.6618469639201459,1.0
0.4971365819104393,1.0,0.7640211146398223,1.0
0.4888941640856409,0.0,0.5922153778056589,0.0
0.3151256122927375,1.0,0.568254342812903,1.0
0.3377195617963691,1.0,0.7951452791664799,1.0
0.3876663988832657,1.0,0.5532119746738806,1.0
0.25769541041585636,1.0,0.7762551133883634,1.0
0.23602352493471565,1.0,0.6071643441737067,1.0
0.4687931121001532,0.0,0.5353782022931065,0.0
0.22674887381901776,1.0,0.7443854424744766,1.0
0.3508295171459812,1.0,0.7365746900932086,1.0
0.49194222055414827,0.0,0.7749965567435069,0.0
0.4626505213606834,0.0,0.779808532059018,0.0
0.40657322065624324,0.0,0.7636265632123637,0.0
0.4712782445234014,1.0,0.5222659855139924,1.0
0.4790823417429133,1.0,0.5876783677222834,1.0
0.3098029449430171,1.0,0.6695271452168489,1.0
0.43678098976017765,0.0,0.6521375784128768,0.0
0.24820018772848512,1.0,0.7205122212125323,1.0
0.23766827357012973,1.0,0.5959895224440822,1.0
0.26500321911593666,0.0,0.5683186561223481,0.0
0.35094911347181407,0.0,0.5839613725763768,0.0
0.4159001945730657,1.0,0.5299686436195277,1.0
0.3469116100964109,1.0,0.6205440534448221,1.0
0.2793891691561037,0.0,0.7906594077337629,0.0
0.3845705878687522,0.0,0.6758141075608013,0.0
0.36074578439952004,0.0,0.6458464390393149,0.0
0.3417991138207399,1.0,0.7192063213774937,1.0
0.445539858626198,1.0,0.6294870959454157,1.0
0.25245145203704317,1.0,0.517994883859104,1.0
0.4566788668717819,0.0,0.6094932516713819,0.0
0.3854118588709093,0.0,0.763425967037769,0.0
0.23127444045762066,0.0,0.7635567315994446,0.0
0.447034594488608,1.0,0.6913359038272163,1.0
0.3787268538142673,1.0,0.5349005783776964,1.0
0.2851797428394559,0.0,0.7113823585539067,0.0
0.3618408233168916,0.0,0.7138704863677756,0.0
0.4939578824133479,1.0,0.6644640761748883,1.0
0.47269584093076045,1.0,0.6981914771125519,1.0
0.35880913027099015,1.0,0.6508286508461204,1.0
0.2662636275711285,1.0,0.7785947646510394,1.0
0.2271369185144741,0.0,0.6763333994688379,0.0
0.37413671336090487,1.0,0.6372319757939107,1.0
0.2882245621719873,1.0,0.6043532957311599,1.0
0.3768021754981628,1.0,0.5238847791526348,1.0
0.2417845691044639,1.0,0.6643176357465074,1.0
0.26715096426170315,0.0,0.6632091765006636,0.0
0.24376330071913666,1.0,0.7084652021794327,1.0
0.3676095617007817,1.0,0.5349168033523926,1.0
0.35059574298232415,1.0,0.7719380509616873,1.0
0.34561513254527704,1.0,0.512671716178479,1.0
0.3120720226993722,0.0,0.792447433292909,0.0
0.3291888967218826,1.0,0.5496552080713913,1.0
0.30002106363671577,1.0,0.5281504378109348,1.0
0.3030733691299049,0.0,0.6087299793863813,0.0
0.23200198867015268,0.0,0.5307567970852024,0.0
0.445434962955908,1.0,0.5475771745951761,1.0
0.2515210482904252,0.0,0.5693555059353571,0.0
0.32207641964863154,1.0,0.7082059127103815,1.0
0.37767394475692306,1.0,0.6043887125342157,1.0
0.3330660037565271,1.0,0.6612832753258236,1.0
0.21161281677639887,0.0,0.5438994612765318,0.0
0.4888495228847176,1.0,0.7972039783340621,1.0
0.26754198077633795,1.0,0.5734317095019933,1.0
0.4709799292673532,1.0,0.7443131382010945,1.0
0.2887498458465266,1.0,0.5990344970046553,1.0
0.4809545799661403,0.0,0.6115144236673712,0.0
0.4351477076115457,1.0,0.767852408065948,1.0
0.36010852412416194,1.0,0.5556503531518763,1.0
0.3530631298818482,0.0,0.7497308250779033,0.0
0.24681527510974127,0.0,0.5452298109293213,0.0
0.38198718612653226,1.0,0.7466539296184261,1.0
0.3553354701798987,1.0,0.7764776705085075,1.0
0.44882253093985724,1.0,0.5538528406393723,1.0
0.3379622818419483,0.0,0.5481470603498467,0.0
0.40382183168732044,0.0,0.5338406284013466,0.0
0.4711517283372799,1.0,0.7556508567868627,1.0
0.2782895206345411,0.0,0.5161159484399106,0.0
0.4798098969935094,0.0,0.6737931250133792,0.0
0.46849404954988527,0.0,0.7218222894969331,0.0
0.3327294009863375,0.0,0.5571528691761933,0.0
0.42589955459013773,0.0,0.665779589349273,0.0
0.21934723747975854,1.0,0.6813081826159151,1.0
0.45214142473916663,0.0,0.5957650939420448,0.0
0.23925992063832224,1.0,0.7711318716028546,1.0
0.24339445049454667,0.0,0.690879529509798,0.0
0.4505457843182257,1.0,0.6690279584121199,1.0
0.2521911242702506,1.0,0.7722578948892718,1.0
0.45904790923868954,0.0,0.7205524874391419,0.0
0.4613652377157249,0.0,0.7772671882056569,0.0
0.41969930072995065,0.0,0.6043426050141959,0.0
0.3309813950741133,1.0,0.7396672172531283,1.0
0.41935753965939115,0.0,0.7645920368220643,0.0
0.37054095049328006,1.0,0.7174897194841006,1.0
0.34155953161636743,1.0,0.6614178770942772,1.0
0.31246769576709627,0.0,0.7385484049112649,0.0
0.39473091590536413,0.0,0.6090115579245942,0.0
0.4457624669760264,0.0,0.5913896737556609,0.0
0.24611717207777034,1.0,0.5501102710691168,1.0
0.40399026421669404,1.0,0.5878438877833183,1.0
0.3560031890196962,0.0,0.5543601072445106,0.0
0.2560464144980823,1.0,0.6487852600011055,1.0
0.22659890164642435,1.0,0.5258384338727514,1.0
0.27398051100135923,1.0,0.591806967721092,1.0
0.23803939365485596,0.0,0.7587137181740117,0.0
0.47781966190708103,0.0,0.5282520745183307,0.0
0.4289867581249449,1.0,0.7274754378847945,1.0
0.34643704476179693,0.0,0.7377227824729381,0.0
0.486744418353397,0.0,0.7095049533446014,0.0
0.25167277549403066,1.0,0.5228971026871189,1.0
0.25422721466771725,0.0,0.7484428683999943,0.0
0.26855873701997784,0.0,0.5473072195187549,0.0
0.29383431429881957,1.0,0.6139055166572706,1.0
0.4804753754711262,0.0,0.5821983407962616,0.0
0.3409444548357252,1.0,0.6118886782188571,1.0
0.35279020750473733,1.0,0.549879796593523,1.0
0.2542336469307983,0.0,0.6768636551080747,0.0
0.29992678210876567,1.0,0.7913936087235074,1.0
0.2613486127335131,1.0,0.6818898345763923,1.0
0.24930988064322884,1.0,0.6312464865800417,1.0
0.3358899087798245,0.0,0.5395193804578254,0.0
0.4822838976874152,1.0,0.5444688127298598,1.0
0.2795911475927622,1.0,0.7650595366819133,1.0
0.3789066775483017,1.0,0.574458378088359,1.0
0.2981298050418064,0.0,0.7530008020423451,0.0
0.31102704088823074,0.0,0.7559003536555284,0.0
0.2814277107227956,0.0,0.7042836901940138,0.0
0.3981361652981682,0.0,0.5817329587531133,0.0
0.497477152827866,1.0,0.66538848399694,1.0
0.4404632835938068,0.0,0.5526783073888633,0.0
0.21534179893717006,1.0,0.7381885526149239,1.0
0.2869003683786107,0.0,0.7160325202502067,0.0
0.3463787159203803,0.0,0.7158448915582949,0.0
0.42313051014019065,1.0,0.5508048924206642,1.0
0.2937436219510179,1.0,0.6723824669064022,1.0
0.2435109037746563,1.0,0.634336638939768,1.0
0.42027135444486563,0.0,0.6188495879815685,0.0
0.4578539099681621,1.0,0.5122292989523761,1.0
0.2805709638942677,1.0,0.6135911921656435,1.0
0.3304778339209379,1.0,0.5963746322152182,1.0
0.2709325841990801,0.0,0.697130442615659,0.0
0.2779531493364749,1.0,0.6756112255012297,1.0
0.426909721149391,0.0,0.6767288662935624,0.0
0.49528110757714716,0.0,0.5625835216923484,0.0
0.3172880909959595,1.0,0.725597340468441,1.0
0.4288927686209827,1.0,0.5855767275017826,1.0
0.32719059233457626,0.0,0.6461805245754373,0.0
0.45521776733901165,1.0,0.7828549063846424,1.0
0.2279996774915985,0.0,0.7220411930267137,0.0
0.25448161721771423,0.0,0.6769326452289601,0.0
0.24027657780288267,1.0,0.5573177070349856,1.0
0.34963913545599046,0.0,0.5670005399397048,0.0
0.25827293793583134,0.0,0.6823583080683868,0.0
0.21078108734576095,0.0,0.5575960759173582,0.0
0.22053317317701873,1.0,0.7558221197424781,1.0
0.49898181217403625,0.0,0.5554511648109053,0.0
0.35737814916683763,0.0,0.6528881221531007,0.0
0.22038509816315263,1.0,0.5772937407132426,1.0
0.29786991332320606,1.0,0.6635192271463107,1.0
0.2920438800437132,1.0,0.5518522606085476,1.0
0.34235918148236427,1.0,0.7598166195352105,1.0
0.24907028742867354,0.0,0.7522442108301599,0.0
0.2785310652631574,1.0,0.7538411711170157,1.0
0.4899831521249347,0.0,0.7221816218361001,0.0
0.29853737220682464,1.0,0.6591663617051999,1.0
0.21208312462799453,1.0,0.5381621475435139,1.0
0.3978735128522396,1.0,0.5340467307522947,1.0
0.3257983481116073,1.0,0.6651023407622878,1.0
0.2856300878025843,0.0,0.6715293204526858,0.0
0.4997405350351407,0.0,0.6537771575471886,0.0
0.4435847182408852,0.0,0.522683141331783,0.0
0.2693352091868274,1.0,0.7159722992857547,1.0
0.38795097426505887,1.0,0.6732220753127203,1.0
0.40935886510296526,0.0,0.6870023051318009,0.0
0.31793011391904585,0.0,0.5770682479645671,0.0
0.43910882844047,0.0,0.5437920195927418,0.0
0.39727509648985326,0.0,0.5555793605070634,0.0
0.24576091292510913,1.0,0.6560332438514856,1.0
0.46130079441997274,1.0,0.7112791980473082,1.0
0.40652871270041435,0.0,0.571324591034805,0.0
0.30169769439488753,1.0,0.7406096552435242,1.0
0.4074723918118103,1.0,0.7378154736378846,1.0
0.3371325427546883,1.0,0.5159313096597752,1.0
0.45917587817222755,0.0,0.6183264613307944,0.0
0.40750614399760343,1.0,0.772805450959799,1.0
0.2858459245979559,0.0,0.7581660870466542,0.0
0.47678793766655114,1.0,0.576761577885425,1.0
0.35492682061574393,0.0,0.7769773393036381,0.0
0.3111412104757597,1.0,0.5131572998444708,1.0
0.39562825376854127,0.0,0.7460207999467822,0.0
0.26734060328818066,0.0,0.5980471743110911,0.0
0.2853311141587637,1.0,0.530914232807536,1.0
0.32033241966974624,1.0,0.601821617934586,1.0
0.2587883149279941,1.0,0.702825960701735,1.0
0.3527650239230531,0.0,0.5202386833860876,0.0
0.48942388415169147,1.0,0.7836906651346489,1.0
0.4798679869007132,0.0,0.7399963783103651,0.0
0.4207926282666502,1.0,0.6461336481183101,1.0
0.4061755874009415,1.0,0.759096377589847,1.0
0.46128567747748517,1.0,0.678894335323539,1.0
0.3903897648354739,0.0,0.7765375708422873,0.0
0.285718131207105,0.0,0.6937771283860225,0.0
0.4609673751592145,0.0,0.6319088305521744,0.0
0.4611509197983129,1.0,0.6118928038464639,1.0
0.3120854658244592,0.0,0.7360601749153522,0.0
0.38938707969103603,0.0,0.7172708807916831,0.0
0.23888450989325677,1.0,0.6748135725773442,1.0
0.2130835009181016,0.0,0.5117699865418575,0.0
0.3556288724595947,0.0,0.558186007211744,0.0
0.37503629010190564,0.0,0.6010889646941453,0.0
0.39916343170601626,1.0,0.5325138424759553,1.0
0.43308263708137273,0.0,0.550162763056727,0.0
0.3241143154171506,1.0,0.6903349540099515,1.0
0.41950834495543565,0.0,0.722694645664979,0.0
0.23118978031305198,1.0,0.7212152142534183,1.0
0.3079097208719894,1.0,0.6817583428529489,1.0
0.2596986269155457,1.0,0.5353053914939415,1.0
0.3917961712265741,1.0,0.6902775591322068,1.0
0.3627622083435218,0.0,0.6674410798107284,0.0
0.25301513259837993,0.0,0.5175634963912029,0.0
0.49956282203020497,0.0,0.6353692581097331,0.0
0.2229006192914062,0.0,0.7741871163297119,0.0
0.44421678385134455,1.0,0.7486257515421911,1.0
0.4949688996729533,1.0,0.7828906755261037,1.0
0.21832452494635876,1.0,0.6642915682949008,1.0
0.4250684251516573,0.0,0.6877409515533994,0.0
0.4194388954803745,1.0,0.7023156280892741,1.0
0.26590769587375623,1.0,0.5207153386405456,1.0
0.26877192886133355,1.0,0.5537239578830734,1.0
0.3074857074082595,1.0,0.5713049770284363,1.0
0.21209129389249196,1.0,0.58457453648497,1.0
0.49857962355804597,1.0,0.5374100062836411,1.0
0.25524266800793455,1.0,0.5413557083575007,1.0
0.3120044205034835,0.0,0.5423535528157547,0.0
0.400211741296058,1.0,0.5913529731509135,1.0
0.2776712719129176,1.0,0.7388201921680679,1.0
0.22051875074012162,0.0,0.5395387231635222,0.0
0.2589223996234081,1.0,0.5991508183809686,1.0
0.2823761898594025,0.0,0.5966776264974563,0.0
0.30234733811707226,0.0,0.544285304177878,0.0
0.30657115115400113,1.0,0.7057815562771491,1.0
0.4991156465718697,1.0,0.6790323634990277,1.0
0.4564113419631629,0.0,0.5100550285944369,0.0
0.31089934787562573,0.0,0.617956540240122,0.0
0.38708486225823213,0.0,0.7572407517573707,0.0
0.3502877330883708,0.0,0.578433232311478,0.0
0.3957922932845868,1.0,0.707689920881272,1.0
0.22152439480776026,1.0,0.7887317891463972,1.0
0.40194226595930244,0.0,0.5707596164822837,0.0
0.2589910169497373,1.0,0.738013456071088,1.0
0.32174431640671064,0.0,0.5529812899079425,0.0
0.3147974723213578,1.0,0.6503744550134644,1.0
0.3311950896103055,1.0,0.7257299291215249,1.0
0.369047758991464,0.0,0.6006675665669516,0.0
0.4221239198034032,0.0,0.6705438855199948,0.0
0.2922786500223713,0.0,0.7407648389407742,0.0
0.2763542892730717,0.0,0.569884500514783,0.0
0.27761993886888964,0.0,0.531205545882707,0.0
0.39069175776684095,0.0,0.5942916843006503,0.0
0.3396832078064668,1.0,0.5479124772313848,1.0
0.35871200233919426,1.0,0.5903806352219675,1.0
0.2829133506465021,0.0,0.6237885177739082,0.0
0.35963148202881556,1.0,0.7028221108460861,1.0
0.36957991519093714,1.0,0.5178314456693975,1.0
0.3596674456227391,0.0,0.6383401987416675,0.0
0.22149416413559703,1.0,0.6811504406595698,1.0
0.49831142130728256,1.0,0.743026140554426,1.0
0.3192698293894422,0.0,0.6075481056489441,0.0
0.377100525439588,1.0,0.6593575022374418,1.0
0.26940967643408353,1.0,0.7646117945076352,1.0
0.3653822525653266,0.0,0.5129415962044779,0.0
0.286559279196995,0.0,0.7856298544279385,0.0
0.3525864365801641,1.0,0.7849742256007013,1.0
0.41035279833506366,0.0,0.7529573232272844,0.0
0.2735998562405398,1.0,0.6374519288003104,1.0
0.2966579027001034,1.0,0.5744793342588657,1.0
0.3308103276321365,0.0,0.5887976627715306,0.0
0.4358759514693161,1.0,0.5712415153934495,1.0
0.3812928134599157,1.0,0.530331051790777,1.0
0.4019505555033883,0.0,0.7576645174079006,0.0
0.48144549396806136,0.0,0.7314462680144076,0.0
0.43336806204079914,1.0,0.54354838360882,1.0
0.32278547327662765,1.0,0.7120682270997544,1.0
0.42530104195606133,1.0,0.745074694373092,1.0
0.35521775716518,0.0,0.573216729554916,0.0
0.30192320854455,1.0,0.5860596680752291,1.0
0.38037614519321794,0.0,0.6276895272372582,0.0
0.2897891282794366,1.0,0.6498903307481486,1.0
0.24172499164173822,0.0,0.6604022899782355,0.0
0.30492486054959334,1.0,0.7872650879856051,1.0
0.3438262360842107,1.0,0.7633018601812229,1.0
0.44138702980562783,1.0,0.6520001497129161,1.0
0.4951784207351033,1.0,0.7081447171345385,1.0
0.46695693742863453,1.0,0.5279874887785239,1.0
0.4188650348634021,1.0,0.6896710751067838,1.0
0.3722772010697726,0.0,0.6139632020168821,0.0
0.42873187082117326,1.0,0.5833212010823999,1.0
0.29030664149067986,1.0,0.7943436558994177,1.0
0.2920603471627948,0.0,0.6353920481400382,0.0
0.3702221417051037,0.0,0.7067485067751339,0.0
0.21511652255700697,1.0,0.7014886983385809,1.0
0.2687090054872716,0.0,0.5193135549102065,0.0
0.24598746237009553,0.0,0.5795592191729627,0.0
0.2997369098641137,1.0,0.7995093771912467,1.0
0.3263093384274014,0.0,0.6436520078925418,0.0
0.3607304729230032,0.0,0.6028172678741284,0.0
0.408404244481276,0.0,0.7468489103897503,0.0
0.39604917824646546,1.0,0.6761790243169225,1.0
0.41814270715735646,0.0,0.7876003745068842,0.0
0.48389222051311664,1.0,0.5159861968807292,1.0
0.42312457028130784,0.0,0.6417869779840488,0.0
0.4541686538690379,1.0,0.7189090414357747,1.0
0.4692063424348387,0.0,0.7578489768511028,0.0
0.3774019751555946,1.0,0.7812795854549246,1.0
0.23127460411057524,1.0,0.6037446091161118,1.0
0.2233099271726489,0.0,0.6094469983393515,0.0
0.3745211333669415,0.0,0.6564937089960221,0.0
0.2586030996893893,0.0,0.5364054654415027,0.0
0.22516942834246575,0.0,0.7860842457899578,0.0
0.4328317831856674,1.0,0.707440894042046,1.0
0.4325887890084168,1.0,0.5188400516464977,1.0
0.4219537741330728,1.0,0.7145371020811404,1.0
0.4685397058899029,0.0,0.5259087108130915,0.0
0.3176444982691417,1.0,0.5342035112399713,1.0
0.30206586464701934,1.0,0.5410420653191427,1.0
0.35339791612586813,1.0,0.7340917374516929,1.0
0.3334770779160295,0.0,0.7833775414642736,0.0
0.327031095066293,0.0,0.6218882719903437,0.0
0.3665909857292046,1.0,0.580848189869522,1.0
0.22800355075469222,1.0,0.6156417872758504,1.0
0.35315702505648827,1.0,0.5197271981072391,1.0
0.31122325830405473,1.0,0.770172700031851,1.0
0.24868880891692843,1.0,0.5577363579132469,1.0
0.34972421279845217,0.0,0.6910736484783037,0.0
0.22962790146932574,0.0,0.6717332081297523,0.0
0.34562826768624066,1.0,0.5218397951606992,1.0
0.47917900149149817,0.0,0.7607190191979754,0.0
0.3370532707687983,0.0,0.7770245987932416,0.0
0.39780611476038186,0.0,0.5441009603488545,0.0
0.37152794120678134,0.0,0.7919732070632683,0.0
0.38763246169140564,0.0,0.7245987295648852,0.0
0.3128494153140635,1.0,0.5339961281751124,1.0
0.21825849480484283,0.0,0.5493733854623987,0.0
0.36387919296229065,1.0,0.7687191240598503,1.0
0.22886856271371003,0.0,0.5230086608031721,0.0
0.2122699762266804,1.0,0.6633676412172567,1.0
0.2562041927896941,0.0,0.6986290464961084,0.0
0.4901052598648279,1.0,0.565831416648513,1.0
0.3604078514115125,0.0,0.6329663082837397,0.0
0.29213111294917293,1.0,0.7595989978055859,1.0
0.3727646546413976,1.0,0.5743637283745984,1.0
0.2835808354208641,1.0,0.5110838519907501,1.0
0.31506915939719715,1.0,0.5338068802421154,1.0
0.32617563172663544,0.0,0.6650859971435978,0.0
0.4177189465563188,0.0,0.7396011626119785,0.0
0.3662386753101594,0.0,0.5622788459931675,0.0
0.22489221899323406,1.0,0.624331483581519,1.0
0.45523932093099917,0.0,0.7854269448844324,0.0
0.4948134333200772,1.0,0.7996622993848774,1.0
0.34293589570289196,0.0,0.7812035423589223,0.0
0.3345536653457975,1.0,0.6432296347072742,1.0
0.4336604618043169,0.0,0.5979321448504418,0.0
0.3015715463251602,0.0,0.6143792838408335,0.0
0.26436068149626324,1.0,0.681386718766048,1.0
0.30367018487371994,0.0,0.6282519625452248,0.0
0.3224745341717462,1.0,0.5468591009800674,1.0
0.4627274797427756,1.0,0.5119532051381599,1.0
0.43307939070381585,1.0,0.6419224596265023,1.0
0.23895386276235064,1.0,0.6745084164186712,1.0
0.3280349914926859,1.0,0.6466364369038764,1.0
0.4865840034073202,1.0,0.6381723232184877,1.0
0.35395940480809307,0.0,0.6241709315223005,0.0
0.4932995197619252,1.0,0.6199024901677763,1.0
0.3967805864296815,1.0,0.5106215195886014,1.0
0.25142480917559984,0.0,0.6960142856762215,0.0
0.26572758407656455,1.0,0.5233149896074802,1.0
0.2681259613949395,1.0,0.5669988659423,1.0
0.2976333754082492,0.0,0.6938794301826914,0.0
0.31319887462532076,0.0,0.6675656818005109,0.0
0.3430710755153217,1.0,0.6936067832377151,1.0
0.22454418973250675,1.0,0.5818063147821568,1.0
0.2276911297567702,0.0,0.6002384788853353,0.0
0.46283174454574005,0.0,0.5941899771503412,0.0
0.2818250671555437,0.0,0.5823826236882769,0.0
0.3785716446961019,1.0,0.6833811320396954,1.0
0.2679299706730204,0.0,0.6119038489444042,0.0
0.48009640535086107,1.0,0.7492507860044594,1.0
0.4985659313448989,0.0,0.6306058372451631,0.0
0.258256521743852,0.0,0.7485182114799479,0.0
0.27111873528562785,0.0,0.5282529111394272,0.0
0.35039041502980267,1.0,0.7551179795771503,1.0
0.46532578244517586,0.0,0.5340777568198918,0.0
0.33104300402881437,0.0,0.7060353566566362,0.0
0.26258945241228593,0.0,0.5972706633665255,0.0
0.2154039813300143,0.0,0.7953988169535127,0.0
0.4058581404951234,0.0,0.5500865219831096,0.0
0.4764398385649333,0.0,0.5872154276099949,0.0
0.35737137109060046,0.0,0.5754504299123121,0.0
0.31347884800879416,0.0,0.5128346902711373,0.0
0.22125524855419085,0.0,0.7776836256901494,0.0
0.2519595523123741,1.0,0.6257667064063238,1.0
0.3567313111878684,1.0,0.6084903466359042,1.0
